"","timeStart","memory","memoryCorrect","category","categoryCorrect","rt","stim.old","x","y","z","w","trial.num","stim","subject","condition","round"
"961",1415023980362,"old",FALSE,"A",NA,3115,FALSE,0,0,1,0,1,"0010",61,"ms","05"
"962",1415023984233,"old",TRUE,"B",TRUE,2416,TRUE,0,0,0,1,2,"0001",61,"ms","05"
"963",1415023987407,"old",TRUE,"A",TRUE,2210,TRUE,1,0,1,0,3,"1010",61,"ms","05"
"964",1415023990376,"old",FALSE,"B",NA,1913,FALSE,1,0,0,0,4,"1000",61,"ms","05"
"965",1415023993040,"old",FALSE,"A",NA,2029,FALSE,1,0,0,1,5,"1001",61,"ms","05"
"966",1415023995830,"old",FALSE,"B",NA,3079,FALSE,0,1,0,0,6,"0100",61,"ms","05"
"967",1415023999674,"new",FALSE,"B",TRUE,2791,TRUE,1,1,0,0,7,"1100",61,"ms","05"
"968",1415024003221,"old",FALSE,"A",NA,2064,FALSE,0,0,1,1,8,"0011",61,"ms","05"
"969",1415024006050,"old",TRUE,"A",TRUE,6743,TRUE,1,1,1,0,9,"1110",61,"ms","05"
"970",1415024013551,"old",TRUE,"A",TRUE,2766,TRUE,0,1,1,1,10,"0111",61,"ms","05"
"971",1415024017068,"new",TRUE,"A",NA,3193,FALSE,1,1,1,1,11,"1111",61,"ms","05"
"972",1415024021021,"old",TRUE,"B",FALSE,2268,TRUE,1,1,0,1,12,"1101",61,"ms","05"
"973",1415024024053,"old",TRUE,"A",TRUE,3688,TRUE,1,0,1,1,13,"1011",61,"ms","05"
"974",1415024028492,"old",TRUE,"B",TRUE,4929,TRUE,0,1,1,0,14,"0110",61,"ms","05"
"975",1415024034183,"old",FALSE,"B",NA,2770,FALSE,0,1,0,1,15,"0101",61,"ms","05"
"976",1415024037711,"old",TRUE,"B",TRUE,2841,TRUE,0,0,0,0,16,"0000",61,"ms","05"
"977",1415024150600,"old",TRUE,"A",TRUE,4116,TRUE,1,1,1,0,1,"1110",62,"ms","05"
"978",1415024155468,"old",TRUE,"B",TRUE,2121,TRUE,0,0,0,0,2,"0000",62,"ms","05"
"979",1415024158340,"old",TRUE,"A",TRUE,2190,TRUE,1,1,0,1,3,"1101",62,"ms","05"
"980",1415024161281,"old",FALSE,"B",NA,2006,FALSE,0,1,0,1,4,"0101",62,"ms","05"
"981",1415024164040,"old",FALSE,"B",NA,1849,FALSE,0,0,1,0,5,"0010",62,"ms","05"
"982",1415024166641,"old",FALSE,"A",NA,1604,FALSE,1,1,1,1,6,"1111",62,"ms","05"
"983",1415024168996,"old",FALSE,"A",NA,1507,FALSE,0,0,1,1,7,"0011",62,"ms","05"
"984",1415024171254,"old",TRUE,"A",TRUE,1540,TRUE,0,1,1,1,8,"0111",62,"ms","05"
"985",1415024173544,"old",TRUE,"B",FALSE,1661,TRUE,1,0,1,1,9,"1011",62,"ms","05"
"986",1415024175956,"old",FALSE,"B",NA,1456,FALSE,1,0,0,0,10,"1000",62,"ms","05"
"987",1415024178163,"old",TRUE,"A",FALSE,1536,TRUE,0,1,1,0,11,"0110",62,"ms","05"
"988",1415024180450,"old",TRUE,"B",TRUE,2377,TRUE,0,0,0,1,12,"0001",62,"ms","05"
"989",1415024183579,"old",FALSE,"A",NA,1891,FALSE,1,0,0,1,13,"1001",62,"ms","05"
"990",1415024186221,"old",TRUE,"B",TRUE,1827,TRUE,1,1,0,0,14,"1100",62,"ms","05"
"991",1415024188799,"old",FALSE,"A",NA,1323,FALSE,0,1,0,0,15,"0100",62,"ms","05"
"992",1415024190879,"old",TRUE,"B",FALSE,1286,TRUE,1,0,1,0,16,"1010",62,"ms","05"
"993",1415024164565,"old",TRUE,"B",TRUE,2557,TRUE,1,1,0,0,1,"1100",63,"ms","05"
"994",1415024167874,"old",FALSE,"A",NA,3187,FALSE,0,0,1,1,2,"0011",63,"ms","05"
"995",1415024171814,"old",FALSE,"B",NA,4143,FALSE,0,1,0,0,3,"0100",63,"ms","05"
"996",1415024176710,"old",TRUE,"A",TRUE,2325,TRUE,1,0,1,1,4,"1011",63,"ms","05"
"997",1415024179787,"old",FALSE,"B",NA,3962,FALSE,1,0,0,0,5,"1000",63,"ms","05"
"998",1415024184503,"old",FALSE,"A",NA,2252,FALSE,0,0,1,0,6,"0010",63,"ms","05"
"999",1415024187507,"old",TRUE,"B",FALSE,2028,TRUE,1,1,1,0,7,"1110",63,"ms","05"
"1000",1415024190288,"old",FALSE,"A",NA,2854,FALSE,1,1,1,1,8,"1111",63,"ms","05"
"1001",1415024193896,"old",TRUE,"B",TRUE,1761,TRUE,0,0,0,0,9,"0000",63,"ms","05"
"1002",1415024196409,"old",TRUE,"B",FALSE,3773,TRUE,0,1,1,1,10,"0111",63,"ms","05"
"1003",1415024200934,"old",TRUE,"A",TRUE,2401,TRUE,1,1,0,1,11,"1101",63,"ms","05"
"1004",1415024204087,"old",TRUE,"B",TRUE,3987,TRUE,0,1,1,0,12,"0110",63,"ms","05"
"1005",1415024208827,"old",TRUE,"B",TRUE,1786,TRUE,0,0,0,1,13,"0001",63,"ms","05"
"1006",1415024211364,"old",TRUE,"A",TRUE,1871,TRUE,1,0,1,0,14,"1010",63,"ms","05"
"1007",1415024213989,"old",FALSE,"A",NA,2581,FALSE,1,0,0,1,15,"1001",63,"ms","05"
"1008",1415024217322,"old",FALSE,"A",NA,7981,FALSE,0,1,0,1,16,"0101",63,"ms","05"
"1009",1415024913945,"new",TRUE,"A",NA,5027,FALSE,0,1,0,0,1,"0100",64,"ms","05"
"1010",1415024919724,"new",TRUE,"A",NA,3429,FALSE,0,0,1,1,2,"0011",64,"ms","05"
"1011",1415024923905,"new",FALSE,"A",TRUE,3181,TRUE,1,1,1,0,3,"1110",64,"ms","05"
"1012",1415024927838,"new",TRUE,"A",NA,3799,FALSE,0,0,1,0,4,"0010",64,"ms","05"
"1013",1415024932390,"new",TRUE,"A",NA,2232,FALSE,1,0,0,1,5,"1001",64,"ms","05"
"1014",1415024935374,"new",FALSE,"A",TRUE,1846,TRUE,1,1,0,1,6,"1101",64,"ms","05"
"1015",1415024937972,"new",FALSE,"A",TRUE,1872,TRUE,0,1,1,1,7,"0111",64,"ms","05"
"1016",1415024940595,"new",TRUE,"A",NA,1898,FALSE,1,0,0,0,8,"1000",64,"ms","05"
"1017",1415024943245,"new",FALSE,"A",TRUE,2406,TRUE,1,0,1,1,9,"1011",64,"ms","05"
"1018",1415024946403,"new",FALSE,"A",FALSE,3944,TRUE,0,0,0,0,10,"0000",64,"ms","05"
"1019",1415024951099,"new",TRUE,"A",NA,2218,FALSE,0,1,0,1,11,"0101",64,"ms","05"
"1020",1415024954069,"new",TRUE,"A",NA,2395,FALSE,1,1,1,1,12,"1111",64,"ms","05"
"1021",1415024957216,"new",FALSE,"A",FALSE,1422,TRUE,1,1,0,0,13,"1100",64,"ms","05"
"1022",1415024959390,"new",FALSE,"A",FALSE,1673,TRUE,0,0,0,1,14,"0001",64,"ms","05"
"1023",1415024961814,"old",TRUE,"A",TRUE,3463,TRUE,1,0,1,0,15,"1010",64,"ms","05"
"1024",1415024966029,"new",FALSE,"A",FALSE,4159,TRUE,0,1,1,0,16,"0110",64,"ms","05"
"1025",1415024225982,"old",FALSE,"B",NA,4956,FALSE,0,1,0,0,1,"0100",65,"ms","05"
"1026",1415024231689,"old",TRUE,"A",FALSE,6850,TRUE,0,1,1,0,2,"0110",65,"ms","05"
"1027",1415024239291,"old",TRUE,"A",TRUE,2880,TRUE,1,0,1,1,3,"1011",65,"ms","05"
"1028",1415024242923,"old",FALSE,"B",NA,4322,FALSE,0,0,1,0,4,"0010",65,"ms","05"
"1029",1415024247997,"old",FALSE,"B",NA,2250,FALSE,1,0,0,1,5,"1001",65,"ms","05"
"1030",1415024250999,"old",TRUE,"B",TRUE,2784,TRUE,0,0,0,0,6,"0000",65,"ms","05"
"1031",1415024254534,"old",FALSE,"A",NA,2463,FALSE,1,0,0,0,7,"1000",65,"ms","05"
"1032",1415024257749,"old",TRUE,"B",TRUE,4397,TRUE,0,0,0,1,8,"0001",65,"ms","05"
"1033",1415024262898,"old",TRUE,"A",TRUE,2470,TRUE,0,1,1,1,9,"0111",65,"ms","05"
"1034",1415024266120,"old",TRUE,"A",TRUE,2923,TRUE,1,1,1,0,10,"1110",65,"ms","05"
"1035",1415024269794,"old",TRUE,"A",TRUE,2767,TRUE,1,1,0,1,11,"1101",65,"ms","05"
"1036",1415024273313,"old",TRUE,"B",FALSE,1892,TRUE,1,0,1,0,12,"1010",65,"ms","05"
"1037",1415024275957,"old",TRUE,"B",TRUE,4190,TRUE,1,1,0,0,13,"1100",65,"ms","05"
"1038",1415024280899,"old",FALSE,"A",NA,1841,FALSE,0,0,1,1,14,"0011",65,"ms","05"
"1039",1415024283492,"old",FALSE,"B",NA,1778,FALSE,0,1,0,1,15,"0101",65,"ms","05"
"1040",1415024286021,"old",FALSE,"A",NA,3577,FALSE,1,1,1,1,16,"1111",65,"ms","05"
"1041",1415024218375,"old",TRUE,"A",TRUE,9526,TRUE,1,0,1,1,1,"1011",66,"ms","05"
"1042",1415024228652,"old",FALSE,"A",NA,4801,FALSE,1,0,0,0,2,"1000",66,"ms","05"
"1043",1415024234204,"old",TRUE,"A",TRUE,6162,TRUE,1,1,1,0,3,"1110",66,"ms","05"
"1044",1415024241120,"old",TRUE,"A",TRUE,5890,TRUE,1,1,0,1,4,"1101",66,"ms","05"
"1045",1415024247763,"old",FALSE,"A",NA,5425,FALSE,1,1,1,1,5,"1111",66,"ms","05"
"1046",1415024253943,"old",FALSE,"B",NA,5383,FALSE,0,1,0,1,6,"0101",66,"ms","05"
"1047",1415024260080,"old",TRUE,"B",TRUE,2988,TRUE,0,0,0,0,7,"0000",66,"ms","05"
"1048",1415024263820,"old",TRUE,"B",TRUE,5312,TRUE,1,1,0,0,8,"1100",66,"ms","05"
"1049",1415024269884,"old",TRUE,"B",TRUE,4480,TRUE,0,1,1,0,9,"0110",66,"ms","05"
"1050",1415024275115,"old",TRUE,"B",TRUE,2193,TRUE,0,0,0,1,10,"0001",66,"ms","05"
"1051",1415024278060,"old",TRUE,"A",TRUE,3159,TRUE,0,1,1,1,11,"0111",66,"ms","05"
"1052",1415024281971,"old",FALSE,"A",NA,3537,FALSE,1,0,0,1,12,"1001",66,"ms","05"
"1053",1415024286259,"old",FALSE,"B",NA,3512,FALSE,0,0,1,0,13,"0010",66,"ms","05"
"1054",1415024290523,"old",FALSE,"B",NA,2520,FALSE,0,0,1,1,14,"0011",66,"ms","05"
"1055",1415024293795,"old",TRUE,"A",TRUE,2528,TRUE,1,0,1,0,15,"1010",66,"ms","05"
"1056",1415024297074,"old",FALSE,"B",NA,3945,FALSE,0,1,0,0,16,"0100",66,"ms","05"
"1057",1415024391521,"old",FALSE,"B",NA,5380,FALSE,1,1,1,1,1,"1111",67,"ms","05"
"1058",1415024397666,"old",FALSE,"A",NA,2871,FALSE,0,1,0,0,2,"0100",67,"ms","05"
"1059",1415024401292,"old",TRUE,"A",FALSE,2544,TRUE,1,1,0,0,3,"1100",67,"ms","05"
"1060",1415024404606,"old",TRUE,"A",TRUE,2667,TRUE,1,1,1,0,4,"1110",67,"ms","05"
"1061",1415024408043,"old",FALSE,"B",NA,2311,FALSE,0,1,0,1,5,"0101",67,"ms","05"
"1062",1415024411121,"old",FALSE,"B",NA,6333,FALSE,1,0,0,0,6,"1000",67,"ms","05"
"1063",1415024418221,"old",TRUE,"A",TRUE,2551,TRUE,1,0,1,1,7,"1011",67,"ms","05"
"1064",1415024421532,"old",FALSE,"B",NA,2304,FALSE,1,0,0,1,8,"1001",67,"ms","05"
"1065",1415024424595,"old",TRUE,"A",TRUE,2662,TRUE,0,1,1,1,9,"0111",67,"ms","05"
"1066",1415024428024,"old",TRUE,"B",FALSE,3195,TRUE,1,0,1,0,10,"1010",67,"ms","05"
"1067",1415024431975,"old",TRUE,"A",FALSE,2110,TRUE,0,1,1,0,11,"0110",67,"ms","05"
"1068",1415024434852,"old",TRUE,"B",FALSE,2398,TRUE,1,1,0,1,12,"1101",67,"ms","05"
"1069",1415024438012,"old",TRUE,"A",FALSE,2970,TRUE,0,0,0,0,13,"0000",67,"ms","05"
"1070",1415024441748,"old",FALSE,"A",NA,2187,FALSE,0,0,1,0,14,"0010",67,"ms","05"
"1071",1415024444701,"old",TRUE,"B",TRUE,3015,TRUE,0,0,0,1,15,"0001",67,"ms","05"
"1072",1415024448487,"old",FALSE,"B",NA,2347,FALSE,0,0,1,1,16,"0011",67,"ms","05"
"1073",1415024303828,"old",TRUE,"B",TRUE,5217,TRUE,0,0,0,0,1,"0000",68,"ms","05"
"1074",1415024309799,"old",TRUE,"B",TRUE,5654,TRUE,0,1,1,0,2,"0110",68,"ms","05"
"1075",1415024316206,"old",FALSE,"A",NA,2608,FALSE,1,0,0,1,3,"1001",68,"ms","05"
"1076",1415024319566,"old",TRUE,"A",TRUE,2732,TRUE,1,1,0,1,4,"1101",68,"ms","05"
"1077",1415024323051,"old",TRUE,"A",TRUE,2858,TRUE,1,0,1,0,5,"1010",68,"ms","05"
"1078",1415024326660,"old",FALSE,"A",NA,2945,FALSE,1,0,0,0,6,"1000",68,"ms","05"
"1079",1415024330357,"old",FALSE,"B",NA,2472,FALSE,0,0,1,0,7,"0010",68,"ms","05"
"1080",1415024333580,"old",TRUE,"A",TRUE,2552,TRUE,1,0,1,1,8,"1011",68,"ms","05"
"1081",1415024336885,"old",FALSE,"B",NA,2551,FALSE,0,0,1,1,9,"0011",68,"ms","05"
"1082",1415024340189,"old",TRUE,"A",TRUE,2383,TRUE,0,1,1,1,10,"0111",68,"ms","05"
"1083",1415024343324,"old",FALSE,"B",NA,2962,FALSE,1,1,1,1,11,"1111",68,"ms","05"
"1084",1415024347038,"old",TRUE,"A",FALSE,3536,TRUE,1,1,0,0,12,"1100",68,"ms","05"
"1085",1415024351328,"old",FALSE,"B",NA,2397,FALSE,0,1,0,0,13,"0100",68,"ms","05"
"1086",1415024354477,"old",FALSE,"A",NA,3208,FALSE,0,1,0,1,14,"0101",68,"ms","05"
"1087",1415024358452,"old",TRUE,"B",TRUE,2473,TRUE,0,0,0,1,15,"0001",68,"ms","05"
"1088",1415024361680,"old",TRUE,"A",TRUE,5151,TRUE,1,1,1,0,16,"1110",68,"ms","05"
"1089",1415024453894,"old",FALSE,"A",NA,4847,FALSE,0,1,0,1,1,"0101",69,"ms","05"
"1090",1415024459493,"old",TRUE,"B",FALSE,4370,TRUE,1,0,1,1,2,"1011",69,"ms","05"
"1091",1415024464616,"old",TRUE,"A",FALSE,4088,TRUE,1,1,0,0,3,"1100",69,"ms","05"
"1092",1415024469486,"old",FALSE,"B",NA,2710,FALSE,1,0,0,1,4,"1001",69,"ms","05"
"1093",1415024472947,"old",FALSE,"A",NA,2170,FALSE,1,1,1,1,5,"1111",69,"ms","05"
"1094",1415024475869,"old",FALSE,"A",NA,1792,FALSE,0,1,0,0,6,"0100",69,"ms","05"
"1095",1415024478414,"old",FALSE,"B",NA,4080,FALSE,0,0,1,0,7,"0010",69,"ms","05"
"1096",1415024483245,"old",TRUE,"A",TRUE,2800,TRUE,1,1,0,1,8,"1101",69,"ms","05"
"1097",1415024486798,"old",TRUE,"A",TRUE,5019,TRUE,1,0,1,0,9,"1010",69,"ms","05"
"1098",1415024492610,"old",TRUE,"B",FALSE,2299,TRUE,1,1,1,0,10,"1110",69,"ms","05"
"1099",1415024495661,"old",FALSE,"A",NA,3323,FALSE,1,0,0,0,11,"1000",69,"ms","05"
"1100",1415024499736,"old",TRUE,"A",FALSE,5093,TRUE,0,1,1,0,12,"0110",69,"ms","05"
"1101",1415024505583,"old",FALSE,"B",NA,2246,FALSE,0,0,1,1,13,"0011",69,"ms","05"
"1102",1415024508581,"old",TRUE,"B",TRUE,2571,TRUE,0,0,0,0,14,"0000",69,"ms","05"
"1103",1415024511903,"old",TRUE,"B",FALSE,1489,TRUE,0,1,1,1,15,"0111",69,"ms","05"
"1104",1415024514183,"old",TRUE,"A",FALSE,2030,TRUE,0,0,0,1,16,"0001",69,"ms","05"
"1105",1415024483689,"old",FALSE,"B",NA,4818,FALSE,0,0,1,0,1,"0010",70,"ms","05"
"1106",1415024489271,"old",FALSE,"A",NA,4422,FALSE,1,1,1,1,2,"1111",70,"ms","05"
"1107",1415024494452,"old",FALSE,"B",NA,4573,FALSE,0,1,0,0,3,"0100",70,"ms","05"
"1108",1415024499795,"old",FALSE,"A",NA,3814,FALSE,0,0,1,1,4,"0011",70,"ms","05"
"1109",1415024504365,"old",TRUE,"A",TRUE,3634,TRUE,1,0,1,0,5,"1010",70,"ms","05"
"1110",1415024508757,"old",TRUE,"A",TRUE,4917,TRUE,1,1,0,1,6,"1101",70,"ms","05"
"1111",1415024514438,"old",TRUE,"B",FALSE,2511,TRUE,1,1,1,0,7,"1110",70,"ms","05"
"1112",1415024517721,"old",TRUE,"B",TRUE,2733,TRUE,0,0,0,1,8,"0001",70,"ms","05"
"1113",1415024521212,"old",TRUE,"A",FALSE,5719,TRUE,1,1,0,0,9,"1100",70,"ms","05"
"1114",1415024527695,"old",TRUE,"B",TRUE,2354,TRUE,0,0,0,0,10,"0000",70,"ms","05"
"1115",1415024530817,"old",TRUE,"B",TRUE,3907,TRUE,0,1,1,0,11,"0110",70,"ms","05"
"1116",1415024535490,"old",FALSE,"A",NA,4725,FALSE,1,0,0,0,12,"1000",70,"ms","05"
"1117",1415024540982,"old",FALSE,"B",NA,3250,FALSE,1,0,0,1,13,"1001",70,"ms","05"
"1118",1415024545003,"old",FALSE,"A",NA,3113,FALSE,0,1,0,1,14,"0101",70,"ms","05"
"1119",1415024548881,"new",FALSE,"A",TRUE,10351,TRUE,0,1,1,1,15,"0111",70,"ms","05"
"1120",1415024559992,"old",TRUE,"B",FALSE,5925,TRUE,1,0,1,1,16,"1011",70,"ms","05"
"1121",1415024805789,"old",FALSE,"A",NA,6125,FALSE,0,1,0,0,1,"0100",71,"ms","05"
"1122",1415024812669,"old",FALSE,"B",NA,2862,FALSE,0,0,1,0,2,"0010",71,"ms","05"
"1123",1415024816303,"old",TRUE,"A",FALSE,2889,TRUE,1,1,0,0,3,"1100",71,"ms","05"
"1124",1415024819954,"old",FALSE,"A",NA,2386,FALSE,1,0,0,0,4,"1000",71,"ms","05"
"1125",1415024823092,"old",TRUE,"B",FALSE,2568,TRUE,0,1,1,1,5,"0111",71,"ms","05"
"1126",1415024826421,"old",TRUE,"B",TRUE,1890,TRUE,0,1,1,0,6,"0110",71,"ms","05"
"1127",1415024829063,"old",FALSE,"B",NA,2996,FALSE,1,0,0,1,7,"1001",71,"ms","05"
"1128",1415024832816,"old",TRUE,"B",TRUE,2746,TRUE,0,0,0,0,8,"0000",71,"ms","05"
"1129",1415024836318,"old",TRUE,"B",TRUE,2059,TRUE,0,0,0,1,9,"0001",71,"ms","05"
"1130",1415024839130,"old",FALSE,"B",NA,2181,FALSE,0,0,1,1,10,"0011",71,"ms","05"
"1131",1415024842071,"old",TRUE,"A",TRUE,1863,TRUE,1,0,1,1,11,"1011",71,"ms","05"
"1132",1415024844687,"old",TRUE,"A",TRUE,3049,TRUE,1,1,1,0,12,"1110",71,"ms","05"
"1133",1415024848494,"old",FALSE,"B",NA,2194,FALSE,0,1,0,1,13,"0101",71,"ms","05"
"1134",1415024851445,"old",FALSE,"B",NA,6737,FALSE,1,1,1,1,14,"1111",71,"ms","05"
"1135",1415024858942,"old",TRUE,"B",FALSE,2157,TRUE,1,0,1,0,15,"1010",71,"ms","05"
"1136",1415024861850,"new",FALSE,"A",TRUE,3769,TRUE,1,1,0,1,16,"1101",71,"ms","05"
"1137",1415024737415,"old",FALSE,"B",NA,6170,FALSE,0,0,1,0,1,"0010",72,"ms","05"
"1138",1415024744337,"old",FALSE,"A",NA,3593,FALSE,1,0,0,0,2,"1000",72,"ms","05"
"1139",1415024748694,"old",FALSE,"A",NA,2950,FALSE,0,1,0,1,3,"0101",72,"ms","05"
"1140",1415024752401,"old",FALSE,"A",NA,2765,FALSE,1,1,1,1,4,"1111",72,"ms","05"
"1141",1415024755933,"old",TRUE,"B",FALSE,1750,TRUE,0,1,1,1,5,"0111",72,"ms","05"
"1142",1415024758436,"old",TRUE,"B",TRUE,2515,TRUE,1,1,0,0,6,"1100",72,"ms","05"
"1143",1415024761717,"old",TRUE,"A",TRUE,2137,TRUE,1,0,1,1,7,"1011",72,"ms","05"
"1144",1415024764607,"old",TRUE,"B",TRUE,2067,TRUE,0,0,0,1,8,"0001",72,"ms","05"
"1145",1415024767435,"old",TRUE,"A",TRUE,2058,TRUE,1,1,1,0,9,"1110",72,"ms","05"
"1146",1415024770245,"old",FALSE,"B",NA,2357,FALSE,0,1,0,0,10,"0100",72,"ms","05"
"1147",1415024773367,"old",FALSE,"A",NA,2007,FALSE,0,0,1,1,11,"0011",72,"ms","05"
"1148",1415024776135,"old",TRUE,"B",TRUE,1308,TRUE,0,0,0,0,12,"0000",72,"ms","05"
"1149",1415024778209,"old",TRUE,"A",TRUE,1545,TRUE,1,0,1,0,13,"1010",72,"ms","05"
"1150",1415024780513,"old",TRUE,"B",FALSE,1552,TRUE,1,1,0,1,14,"1101",72,"ms","05"
"1151",1415024782822,"old",FALSE,"A",NA,1385,FALSE,1,0,0,1,15,"1001",72,"ms","05"
"1152",1415024784968,"old",TRUE,"B",TRUE,1623,TRUE,0,1,1,0,16,"0110",72,"ms","05"
"1153",1415024803939,"old",FALSE,"B",NA,4792,FALSE,0,0,1,1,1,"0011",73,"ms","05"
"1154",1415024809482,"old",FALSE,"B",NA,5515,FALSE,0,1,0,0,2,"0100",73,"ms","05"
"1155",1415024815747,"old",TRUE,"A",FALSE,5313,TRUE,1,1,0,0,3,"1100",73,"ms","05"
"1156",1415024821810,"old",FALSE,"A",NA,3424,FALSE,0,1,0,1,4,"0101",73,"ms","05"
"1157",1415024825985,"old",TRUE,"B",FALSE,2466,TRUE,1,1,1,0,5,"1110",73,"ms","05"
"1158",1415024829202,"old",TRUE,"B",FALSE,3501,TRUE,1,1,0,1,6,"1101",73,"ms","05"
"1159",1415024833454,"old",FALSE,"B",NA,4289,FALSE,0,0,1,0,7,"0010",73,"ms","05"
"1160",1415024838494,"old",TRUE,"A",FALSE,2400,TRUE,0,1,1,0,8,"0110",73,"ms","05"
"1161",1415024841645,"old",TRUE,"B",FALSE,4041,TRUE,1,0,1,1,9,"1011",73,"ms","05"
"1162",1415024846436,"new",FALSE,"A",TRUE,4357,TRUE,1,0,1,0,10,"1010",73,"ms","05"
"1163",1415024851544,"new",TRUE,"B",NA,3828,FALSE,1,0,0,0,11,"1000",73,"ms","05"
"1164",1415024856123,"old",TRUE,"A",TRUE,2433,TRUE,0,1,1,1,12,"0111",73,"ms","05"
"1165",1415024859307,"old",FALSE,"B",NA,3535,FALSE,1,1,1,1,13,"1111",73,"ms","05"
"1166",1415024863593,"old",FALSE,"B",NA,3535,FALSE,1,0,0,1,14,"1001",73,"ms","05"
"1167",1415024867879,"new",FALSE,"A",FALSE,4424,TRUE,0,0,0,0,15,"0000",73,"ms","05"
"1168",1415024873055,"old",TRUE,"B",TRUE,3568,TRUE,0,0,0,1,16,"0001",73,"ms","05"
"1169",1415024922310,"old",FALSE,"B",NA,5168,FALSE,0,1,0,0,1,"0100",74,"ms","05"
"1170",1415024928238,"old",TRUE,"A",TRUE,4091,TRUE,0,1,1,1,2,"0111",74,"ms","05"
"1171",1415024933084,"old",TRUE,"B",TRUE,2565,TRUE,1,1,0,0,3,"1100",74,"ms","05"
"1172",1415024936402,"old",TRUE,"A",TRUE,2191,TRUE,1,1,0,1,4,"1101",74,"ms","05"
"1173",1415024939353,"old",FALSE,"A",NA,2654,FALSE,0,1,0,1,5,"0101",74,"ms","05"
"1174",1415024942761,"old",FALSE,"A",NA,2282,FALSE,0,0,1,1,6,"0011",74,"ms","05"
"1175",1415024945809,"old",TRUE,"A",TRUE,1751,TRUE,1,0,1,1,7,"1011",74,"ms","05"
"1176",1415024948310,"old",TRUE,"A",TRUE,1933,TRUE,1,1,1,0,8,"1110",74,"ms","05"
"1177",1415024950999,"old",FALSE,"A",NA,1863,FALSE,0,0,1,0,9,"0010",74,"ms","05"
"1178",1415024953620,"old",TRUE,"B",TRUE,1725,TRUE,0,1,1,0,10,"0110",74,"ms","05"
"1179",1415024956097,"old",TRUE,"A",TRUE,3247,TRUE,1,0,1,0,11,"1010",74,"ms","05"
"1180",1415024960114,"old",FALSE,"A",NA,1612,FALSE,1,1,1,1,12,"1111",74,"ms","05"
"1181",1415024962490,"old",TRUE,"B",TRUE,1819,TRUE,0,0,0,0,13,"0000",74,"ms","05"
"1182",1415024965070,"old",FALSE,"A",NA,1525,FALSE,1,0,0,1,14,"1001",74,"ms","05"
"1183",1415024967353,"old",TRUE,"A",FALSE,1888,TRUE,0,0,0,1,15,"0001",74,"ms","05"
"1184",1415024969994,"old",FALSE,"A",NA,1615,FALSE,1,0,0,0,16,"1000",74,"ms","05"
"1185",1415024952646,"old",TRUE,"B",TRUE,3078,TRUE,0,0,0,0,1,"0000",75,"ms","05"
"1186",1415024956477,"old",FALSE,"A",NA,3768,FALSE,0,1,0,1,2,"0101",75,"ms","05"
"1187",1415024960998,"old",TRUE,"B",TRUE,6186,TRUE,1,1,0,0,3,"1100",75,"ms","05"
"1188",1415024967936,"old",FALSE,"B",NA,5204,FALSE,0,0,1,0,4,"0010",75,"ms","05"
"1189",1415024973892,"old",FALSE,"A",NA,4515,FALSE,1,0,0,0,5,"1000",75,"ms","05"
"1190",1415024979159,"old",TRUE,"A",TRUE,2691,TRUE,0,1,1,1,6,"0111",75,"ms","05"
"1191",1415024982602,"old",TRUE,"B",TRUE,2496,TRUE,0,1,1,0,7,"0110",75,"ms","05"
"1192",1415024985850,"old",FALSE,"A",NA,2910,FALSE,1,1,1,1,8,"1111",75,"ms","05"
"1193",1415024989512,"old",FALSE,"B",NA,2593,FALSE,0,1,0,0,9,"0100",75,"ms","05"
"1194",1415024992857,"new",FALSE,"A",TRUE,3596,TRUE,1,0,1,0,10,"1010",75,"ms","05"
"1195",1415024997205,"old",TRUE,"B",TRUE,4463,TRUE,0,0,0,1,11,"0001",75,"ms","05"
"1196",1415025002421,"new",FALSE,"B",FALSE,3447,TRUE,1,0,1,1,12,"1011",75,"ms","05"
"1197",1415025006619,"old",TRUE,"A",TRUE,4991,TRUE,1,1,0,1,13,"1101",75,"ms","05"
"1198",1415025012362,"old",TRUE,"B",FALSE,4148,TRUE,1,1,1,0,14,"1110",75,"ms","05"
"1199",1415025017262,"old",FALSE,"A",NA,2167,FALSE,1,0,0,1,15,"1001",75,"ms","05"
"1200",1415025020180,"new",TRUE,"A",NA,7370,FALSE,0,0,1,1,16,"0011",75,"ms","05"
"1201",1415025042133,"old",TRUE,"A",TRUE,3159,TRUE,1,0,1,1,1,"1011",76,"ms","05"
"1202",1415025046044,"old",FALSE,"A",NA,2048,FALSE,1,1,1,1,2,"1111",76,"ms","05"
"1203",1415025048843,"old",FALSE,"B",NA,2128,FALSE,0,1,0,0,3,"0100",76,"ms","05"
"1204",1415025051725,"old",FALSE,"B",NA,2862,FALSE,1,0,0,0,4,"1000",76,"ms","05"
"1205",1415025055339,"old",FALSE,"A",NA,1943,FALSE,0,0,1,1,5,"0011",76,"ms","05"
"1206",1415025058033,"old",TRUE,"A",TRUE,1691,TRUE,0,1,1,1,6,"0111",76,"ms","05"
"1207",1415025060476,"old",TRUE,"A",TRUE,1945,TRUE,1,1,0,1,7,"1101",76,"ms","05"
"1208",1415025063173,"old",TRUE,"B",TRUE,1544,TRUE,0,1,1,0,8,"0110",76,"ms","05"
"1209",1415025065468,"old",TRUE,"A",TRUE,1704,TRUE,1,1,1,0,9,"1110",76,"ms","05"
"1210",1415025067925,"old",FALSE,"B",NA,3519,FALSE,0,0,1,0,10,"0010",76,"ms","05"
"1211",1415025072195,"old",FALSE,"A",NA,1857,FALSE,1,0,0,1,11,"1001",76,"ms","05"
"1212",1415025074803,"old",TRUE,"A",TRUE,1681,TRUE,1,0,1,0,12,"1010",76,"ms","05"
"1213",1415025077236,"old",TRUE,"B",TRUE,1537,TRUE,0,0,0,1,13,"0001",76,"ms","05"
"1214",1415025079524,"old",TRUE,"B",TRUE,1633,TRUE,0,0,0,0,14,"0000",76,"ms","05"
"1215",1415025081908,"old",FALSE,"B",NA,1640,FALSE,0,1,0,1,15,"0101",76,"ms","05"
"1216",1415025084301,"old",TRUE,"B",TRUE,1719,TRUE,1,1,0,0,16,"1100",76,"ms","05"
"1217",1415025096640,"new",TRUE,"A",NA,8585,FALSE,1,1,1,1,1,"1111",77,"ms","05"
"1218",1415025105980,"old",FALSE,"B",NA,3766,FALSE,0,0,1,0,2,"0010",77,"ms","05"
"1219",1415025110494,"old",TRUE,"B",TRUE,2761,TRUE,1,1,0,0,3,"1100",77,"ms","05"
"1220",1415025114009,"old",FALSE,"A",NA,2744,FALSE,1,0,0,0,4,"1000",77,"ms","05"
"1221",1415025117500,"old",TRUE,"A",FALSE,5205,TRUE,0,1,1,0,5,"0110",77,"ms","05"
"1222",1415025123460,"old",TRUE,"A",TRUE,2217,TRUE,1,0,1,0,6,"1010",77,"ms","05"
"1223",1415025126418,"old",TRUE,"B",FALSE,2527,TRUE,1,1,1,0,7,"1110",77,"ms","05"
"1224",1415025129708,"old",TRUE,"A",TRUE,2359,TRUE,1,0,1,1,8,"1011",77,"ms","05"
"1225",1415025132816,"old",FALSE,"A",NA,2487,FALSE,1,0,0,1,9,"1001",77,"ms","05"
"1226",1415025136051,"old",TRUE,"B",TRUE,2042,TRUE,0,0,0,0,10,"0000",77,"ms","05"
"1227",1415025138841,"old",TRUE,"B",FALSE,2294,TRUE,0,1,1,1,11,"0111",77,"ms","05"
"1228",1415025141892,"old",TRUE,"B",TRUE,2055,TRUE,0,0,0,1,12,"0001",77,"ms","05"
"1229",1415025144694,"old",TRUE,"A",TRUE,2290,TRUE,1,1,0,1,13,"1101",77,"ms","05"
"1230",1415025147763,"old",FALSE,"B",NA,2074,FALSE,0,1,0,0,14,"0100",77,"ms","05"
"1231",1415025150587,"old",FALSE,"A",NA,2037,FALSE,0,1,0,1,15,"0101",77,"ms","05"
"1232",1415025153371,"old",FALSE,"B",NA,2543,FALSE,0,0,1,1,16,"0011",77,"ms","05"
"1233",1415025162248,"old",FALSE,"B",NA,8798,FALSE,0,1,0,0,1,"0100",78,"ms","05"
"1234",1415025171798,"old",TRUE,"A",TRUE,3461,TRUE,1,1,0,1,2,"1101",78,"ms","05"
"1235",1415025176021,"old",TRUE,"B",TRUE,3291,TRUE,0,0,0,0,3,"0000",78,"ms","05"
"1236",1415025180072,"old",TRUE,"B",TRUE,2175,TRUE,0,1,1,0,4,"0110",78,"ms","05"
"1237",1415025183008,"old",TRUE,"A",TRUE,2322,TRUE,1,1,1,0,5,"1110",78,"ms","05"
"1238",1415025186088,"old",TRUE,"B",TRUE,4192,TRUE,1,1,0,0,6,"1100",78,"ms","05"
"1239",1415025191043,"old",FALSE,"B",NA,3654,FALSE,1,0,0,1,7,"1001",78,"ms","05"
"1240",1415025195455,"old",TRUE,"A",TRUE,1508,TRUE,0,1,1,1,8,"0111",78,"ms","05"
"1241",1415025197719,"old",FALSE,"A",NA,1628,FALSE,1,1,1,1,9,"1111",78,"ms","05"
"1242",1415025200126,"old",FALSE,"B",NA,4804,FALSE,1,0,0,0,10,"1000",78,"ms","05"
"1243",1415025205693,"old",TRUE,"A",TRUE,1588,TRUE,1,0,1,1,11,"1011",78,"ms","05"
"1244",1415025208037,"old",TRUE,"B",TRUE,2628,TRUE,0,0,0,1,12,"0001",78,"ms","05"
"1245",1415025211419,"old",FALSE,"A",NA,1662,FALSE,0,0,1,0,13,"0010",78,"ms","05"
"1246",1415025213838,"old",FALSE,"A",NA,1377,FALSE,0,1,0,1,14,"0101",78,"ms","05"
"1247",1415025215979,"new",TRUE,"A",NA,3636,FALSE,0,0,1,1,15,"0011",78,"ms","05"
"1248",1415025220370,"old",TRUE,"A",TRUE,1859,TRUE,1,0,1,0,16,"1010",78,"ms","05"
"1249",1415025232332,"old",TRUE,"B",FALSE,3907,TRUE,0,1,1,1,1,"0111",79,"ms","05"
"1250",1415025237008,"old",TRUE,"B",TRUE,5691,TRUE,0,1,1,0,2,"0110",79,"ms","05"
"1251",1415025243460,"old",TRUE,"A",FALSE,3737,TRUE,1,1,0,0,3,"1100",79,"ms","05"
"1252",1415025247960,"old",FALSE,"A",NA,3031,FALSE,1,1,1,1,4,"1111",79,"ms","05"
"1253",1415025251760,"old",TRUE,"A",TRUE,6340,TRUE,1,1,0,1,5,"1101",79,"ms","05"
"1254",1415025258870,"old",FALSE,"A",NA,3906,FALSE,1,0,0,1,6,"1001",79,"ms","05"
"1255",1415025263540,"old",FALSE,"B",NA,2622,FALSE,0,0,1,1,7,"0011",79,"ms","05"
"1256",1415025266922,"old",TRUE,"A",TRUE,4112,TRUE,1,0,1,0,8,"1010",79,"ms","05"
"1257",1415025271792,"old",TRUE,"A",TRUE,6126,TRUE,1,0,1,1,9,"1011",79,"ms","05"
"1258",1415025278682,"old",TRUE,"A",TRUE,2896,TRUE,1,1,1,0,10,"1110",79,"ms","05"
"1259",1415025282342,"old",TRUE,"B",TRUE,2270,TRUE,0,0,0,0,11,"0000",79,"ms","05"
"1260",1415025285374,"old",FALSE,"B",NA,5818,FALSE,0,0,1,0,12,"0010",79,"ms","05"
"1261",1415025291957,"old",FALSE,"B",NA,5727,FALSE,0,1,0,0,13,"0100",79,"ms","05"
"1262",1415025298439,"old",FALSE,"A",NA,3146,FALSE,1,0,0,0,14,"1000",79,"ms","05"
"1263",1415025302349,"old",TRUE,"B",TRUE,3062,TRUE,0,0,0,1,15,"0001",79,"ms","05"
"1264",1415025306171,"old",FALSE,"B",NA,4192,FALSE,0,1,0,1,16,"0101",79,"ms","05"
"1265",1415025233476,"new",FALSE,"B",TRUE,11966,TRUE,1,1,0,0,1,"1100",80,"ms","05"
"1266",1415025246200,"old",TRUE,"B",TRUE,4178,TRUE,0,1,1,0,2,"0110",80,"ms","05"
"1267",1415025251131,"old",TRUE,"B",TRUE,6063,TRUE,0,0,0,1,3,"0001",80,"ms","05"
"1268",1415025257954,"old",TRUE,"A",TRUE,2888,TRUE,0,1,1,1,4,"0111",80,"ms","05"
"1269",1415025261595,"old",FALSE,"B",NA,5319,FALSE,1,0,0,1,5,"1001",80,"ms","05"
"1270",1415025267676,"old",TRUE,"B",TRUE,6150,TRUE,0,0,0,0,6,"0000",80,"ms","05"
"1271",1415025274590,"old",FALSE,"A",NA,4764,FALSE,1,1,1,1,7,"1111",80,"ms","05"
"1272",1415025280107,"old",TRUE,"B",FALSE,2639,TRUE,1,1,0,1,8,"1101",80,"ms","05"
"1273",1415025283504,"old",FALSE,"B",NA,5338,FALSE,0,1,0,0,9,"0100",80,"ms","05"
"1274",1415025289602,"old",FALSE,"B",NA,9248,FALSE,0,0,1,1,10,"0011",80,"ms","05"
"1275",1415025299615,"old",TRUE,"A",TRUE,4987,TRUE,1,0,1,0,11,"1010",80,"ms","05"
"1276",1415025305378,"old",TRUE,"A",TRUE,2520,TRUE,1,0,1,1,12,"1011",80,"ms","05"
"1277",1415025308675,"old",FALSE,"A",NA,3119,FALSE,0,1,0,1,13,"0101",80,"ms","05"
"1278",1415025312557,"old",TRUE,"B",FALSE,5125,TRUE,1,1,1,0,14,"1110",80,"ms","05"
"1279",1415025318442,"new",TRUE,"B",NA,9400,FALSE,0,0,1,0,15,"0010",80,"ms","05"
"1280",1415025328607,"old",FALSE,"B",NA,5611,FALSE,1,0,0,0,16,"1000",80,"ms","05"
"1281",1415025291576,"old",FALSE,"A",NA,3883,FALSE,1,0,0,0,1,"1000",81,"ms","05"
"1282",1415025296211,"old",TRUE,"A",FALSE,2551,TRUE,0,0,0,1,2,"0001",81,"ms","05"
"1283",1415025299513,"old",TRUE,"B",TRUE,2735,TRUE,0,1,1,0,3,"0110",81,"ms","05"
"1284",1415025303001,"old",FALSE,"A",NA,2997,FALSE,1,1,1,1,4,"1111",81,"ms","05"
"1285",1415025306751,"old",FALSE,"A",NA,1955,FALSE,1,0,0,1,5,"1001",81,"ms","05"
"1286",1415025309458,"old",TRUE,"B",TRUE,1675,TRUE,0,0,0,0,6,"0000",81,"ms","05"
"1287",1415025311886,"new",TRUE,"B",NA,4763,FALSE,0,0,1,1,7,"0011",81,"ms","05"
"1288",1415025317402,"new",TRUE,"A",NA,2928,FALSE,0,0,1,0,8,"0010",81,"ms","05"
"1289",1415025321083,"old",TRUE,"A",TRUE,2250,TRUE,1,0,1,1,9,"1011",81,"ms","05"
"1290",1415025324093,"old",TRUE,"A",TRUE,1695,TRUE,0,1,1,1,10,"0111",81,"ms","05"
"1291",1415025326539,"old",TRUE,"B",TRUE,1856,TRUE,1,1,0,0,11,"1100",81,"ms","05"
"1292",1415025329147,"old",FALSE,"A",NA,1542,FALSE,0,1,0,1,12,"0101",81,"ms","05"
"1293",1415025331442,"old",TRUE,"A",TRUE,2066,TRUE,1,1,0,1,13,"1101",81,"ms","05"
"1294",1415025334260,"old",TRUE,"A",TRUE,1544,TRUE,1,0,1,0,14,"1010",81,"ms","05"
"1295",1415025336556,"old",FALSE,"B",NA,1446,FALSE,0,1,0,0,15,"0100",81,"ms","05"
"1296",1415025338754,"old",TRUE,"B",FALSE,1528,TRUE,1,1,1,0,16,"1110",81,"ms","05"
"1297",1415025374956,"old",FALSE,"A",NA,3519,FALSE,0,0,1,0,1,"0010",82,"ms","05"
"1298",1415025379232,"old",TRUE,"B",TRUE,2347,TRUE,1,1,0,0,2,"1100",82,"ms","05"
"1299",1415025382336,"old",TRUE,"B",TRUE,3115,TRUE,0,0,0,0,3,"0000",82,"ms","05"
"1300",1415025386205,"old",TRUE,"B",TRUE,5962,TRUE,0,1,1,0,4,"0110",82,"ms","05"
"1301",1415025392929,"old",TRUE,"A",TRUE,1970,TRUE,1,0,1,1,5,"1011",82,"ms","05"
"1302",1415025395661,"old",FALSE,"B",NA,2110,FALSE,1,0,0,0,6,"1000",82,"ms","05"
"1303",1415025398529,"old",TRUE,"A",TRUE,2042,TRUE,0,1,1,1,7,"0111",82,"ms","05"
"1304",1415025401337,"old",TRUE,"A",TRUE,2945,TRUE,1,1,0,1,8,"1101",82,"ms","05"
"1305",1415025405034,"old",TRUE,"A",TRUE,2528,TRUE,1,1,1,0,9,"1110",82,"ms","05"
"1306",1415025408314,"old",TRUE,"B",TRUE,2544,TRUE,0,0,0,1,10,"0001",82,"ms","05"
"1307",1415025411617,"old",FALSE,"A",NA,1785,FALSE,1,1,1,1,11,"1111",82,"ms","05"
"1308",1415025414154,"old",FALSE,"B",NA,2376,FALSE,0,1,0,1,12,"0101",82,"ms","05"
"1309",1415025417290,"old",FALSE,"A",NA,2536,FALSE,0,0,1,1,13,"0011",82,"ms","05"
"1310",1415025420587,"old",TRUE,"B",FALSE,2095,TRUE,1,0,1,0,14,"1010",82,"ms","05"
"1311",1415025423442,"old",FALSE,"B",NA,2976,FALSE,1,0,0,1,15,"1001",82,"ms","05"
"1312",1415025427170,"old",FALSE,"B",NA,2232,FALSE,0,1,0,0,16,"0100",82,"ms","05"
"1313",1415025461377,"old",TRUE,"B",FALSE,4677,TRUE,1,1,1,0,1,"1110",83,"ms","05"
"1314",1415025466810,"old",FALSE,"A",NA,3310,FALSE,0,0,1,1,2,"0011",83,"ms","05"
"1315",1415025470878,"new",FALSE,"B",FALSE,2775,TRUE,1,1,0,1,3,"1101",83,"ms","05"
"1316",1415025474403,"old",FALSE,"A",NA,2614,FALSE,1,0,0,1,4,"1001",83,"ms","05"
"1317",1415025477776,"old",TRUE,"B",TRUE,2840,TRUE,0,0,0,1,5,"0001",83,"ms","05"
"1318",1415025481368,"old",TRUE,"A",FALSE,2108,TRUE,0,1,1,0,6,"0110",83,"ms","05"
"1319",1415025484236,"old",FALSE,"B",NA,1813,FALSE,0,1,0,0,7,"0100",83,"ms","05"
"1320",1415025486809,"old",TRUE,"B",TRUE,2031,TRUE,1,1,0,0,8,"1100",83,"ms","05"
"1321",1415025489593,"old",TRUE,"B",FALSE,2173,TRUE,1,0,1,1,9,"1011",83,"ms","05"
"1322",1415025492516,"new",TRUE,"A",NA,1826,FALSE,1,1,1,1,10,"1111",83,"ms","05"
"1323",1415025495096,"old",TRUE,"A",TRUE,1740,TRUE,1,0,1,0,11,"1010",83,"ms","05"
"1324",1415025497592,"new",FALSE,"B",TRUE,2174,TRUE,0,0,0,0,12,"0000",83,"ms","05"
"1325",1415025500520,"old",FALSE,"A",NA,1452,FALSE,1,0,0,0,13,"1000",83,"ms","05"
"1326",1415025502727,"new",TRUE,"A",NA,1805,FALSE,0,1,0,1,14,"0101",83,"ms","05"
"1327",1415025505292,"new",TRUE,"A",NA,1704,FALSE,0,0,1,0,15,"0010",83,"ms","05"
"1328",1415025507753,"new",FALSE,"A",TRUE,1760,TRUE,0,1,1,1,16,"0111",83,"ms","05"
"1329",1415025486572,"old",TRUE,"A",TRUE,5023,TRUE,0,1,1,1,1,"0111",84,"ms","05"
"1330",1415025492348,"old",TRUE,"B",TRUE,3767,TRUE,0,0,0,0,2,"0000",84,"ms","05"
"1331",1415025496873,"old",TRUE,"A",FALSE,2370,TRUE,1,1,0,0,3,"1100",84,"ms","05"
"1332",1415025500007,"old",TRUE,"B",TRUE,5580,TRUE,0,0,0,1,4,"0001",84,"ms","05"
"1333",1415025506349,"old",TRUE,"B",TRUE,1766,TRUE,0,1,1,0,5,"0110",84,"ms","05"
"1334",1415025508869,"old",FALSE,"B",NA,1950,FALSE,0,0,1,0,6,"0010",84,"ms","05"
"1335",1415025511589,"old",FALSE,"A",NA,3238,FALSE,1,0,0,1,7,"1001",84,"ms","05"
"1336",1415025515601,"old",TRUE,"A",TRUE,1602,TRUE,1,1,0,1,8,"1101",84,"ms","05"
"1337",1415025517971,"old",FALSE,"B",NA,3360,FALSE,1,1,1,1,9,"1111",84,"ms","05"
"1338",1415025522084,"old",TRUE,"A",TRUE,2071,TRUE,1,0,1,0,10,"1010",84,"ms","05"
"1339",1415025524915,"old",FALSE,"A",NA,4569,FALSE,0,0,1,1,11,"0011",84,"ms","05"
"1340",1415025530247,"old",TRUE,"A",TRUE,1429,TRUE,1,1,1,0,12,"1110",84,"ms","05"
"1341",1415025532429,"old",FALSE,"A",NA,5407,FALSE,1,0,0,0,13,"1000",84,"ms","05"
"1342",1415025538587,"old",FALSE,"B",NA,1761,FALSE,0,1,0,0,14,"0100",84,"ms","05"
"1343",1415025541101,"old",TRUE,"A",TRUE,1751,TRUE,1,0,1,1,15,"1011",84,"ms","05"
"1344",1415025543611,"old",FALSE,"B",NA,3977,FALSE,0,1,0,1,16,"0101",84,"ms","05"
"1345",1415025572009,"old",FALSE,"B",NA,2927,FALSE,1,0,0,1,1,"1001",85,"ms","05"
"1346",1415025575689,"old",FALSE,"A",NA,2309,FALSE,1,0,0,0,2,"1000",85,"ms","05"
"1347",1415025578752,"new",TRUE,"B",NA,1100,FALSE,0,0,1,1,3,"0011",85,"ms","05"
"1348",1415025580597,"old",TRUE,"A",TRUE,1907,TRUE,1,0,1,1,4,"1011",85,"ms","05"
"1349",1415025583269,"old",TRUE,"B",TRUE,2111,TRUE,0,1,1,0,5,"0110",85,"ms","05"
"1350",1415025586139,"old",FALSE,"A",NA,1341,FALSE,0,1,0,1,6,"0101",85,"ms","05"
"1351",1415025588233,"old",TRUE,"B",TRUE,1377,TRUE,0,0,0,1,7,"0001",85,"ms","05"
"1352",1415025590365,"old",TRUE,"A",TRUE,1737,TRUE,0,1,1,1,8,"0111",85,"ms","05"
"1353",1415025592866,"old",TRUE,"A",TRUE,1298,TRUE,1,1,0,1,9,"1101",85,"ms","05"
"1354",1415025594929,"old",TRUE,"B",TRUE,1378,TRUE,1,1,0,0,10,"1100",85,"ms","05"
"1355",1415025597057,"old",FALSE,"A",NA,1542,FALSE,0,0,1,0,11,"0010",85,"ms","05"
"1356",1415025599351,"old",FALSE,"B",NA,1172,FALSE,1,1,1,1,12,"1111",85,"ms","05"
"1357",1415025601289,"old",TRUE,"A",FALSE,1033,TRUE,0,0,0,0,13,"0000",85,"ms","05"
"1358",1415025603076,"old",FALSE,"B",NA,1454,FALSE,0,1,0,0,14,"0100",85,"ms","05"
"1359",1415025605290,"old",TRUE,"A",TRUE,2270,TRUE,1,0,1,0,15,"1010",85,"ms","05"
"1360",1415025608307,"old",TRUE,"B",FALSE,1207,TRUE,1,1,1,0,16,"1110",85,"ms","05"
"1361",1415025573443,"old",TRUE,"A",TRUE,3467,TRUE,1,0,1,0,1,"1010",86,"ms","05"
"1362",1415025577673,"old",FALSE,"A",NA,2543,FALSE,1,0,0,1,2,"1001",86,"ms","05"
"1363",1415025580976,"old",TRUE,"B",TRUE,2520,TRUE,0,1,1,0,3,"0110",86,"ms","05"
"1364",1415025584249,"old",FALSE,"A",NA,3470,FALSE,0,0,1,0,4,"0010",86,"ms","05"
"1365",1415025588486,"old",TRUE,"A",TRUE,2847,TRUE,1,1,1,0,5,"1110",86,"ms","05"
"1366",1415025592082,"old",TRUE,"A",TRUE,2121,TRUE,1,0,1,1,6,"1011",86,"ms","05"
"1367",1415025594960,"old",FALSE,"B",NA,2015,FALSE,0,1,0,0,7,"0100",86,"ms","05"
"1368",1415025597723,"old",FALSE,"A",NA,1526,FALSE,1,1,1,1,8,"1111",86,"ms","05"
"1369",1415025600016,"old",TRUE,"B",TRUE,2633,TRUE,0,0,0,0,9,"0000",86,"ms","05"
"1370",1415025603412,"old",TRUE,"B",TRUE,1599,TRUE,0,0,0,1,10,"0001",86,"ms","05"
"1371",1415025605766,"old",FALSE,"B",NA,1946,FALSE,0,1,0,1,11,"0101",86,"ms","05"
"1372",1415025608476,"old",TRUE,"B",FALSE,2496,TRUE,1,1,0,1,12,"1101",86,"ms","05"
"1373",1415025611734,"old",FALSE,"A",NA,2922,FALSE,0,0,1,1,13,"0011",86,"ms","05"
"1374",1415025615419,"old",TRUE,"A",TRUE,7353,TRUE,0,1,1,1,14,"0111",86,"ms","05"
"1375",1415025623532,"old",FALSE,"B",NA,2097,FALSE,1,0,0,0,15,"1000",86,"ms","05"
"1376",1415025626389,"old",TRUE,"B",TRUE,2780,TRUE,1,1,0,0,16,"1100",86,"ms","05"
"1377",1415025619542,"old",FALSE,"B",NA,4291,FALSE,1,0,0,0,1,"1000",87,"ms","05"
"1378",1415025624596,"old",FALSE,"A",NA,2182,FALSE,0,0,1,1,2,"0011",87,"ms","05"
"1379",1415025627534,"old",TRUE,"B",FALSE,2106,TRUE,1,0,1,1,3,"1011",87,"ms","05"
"1380",1415025630392,"old",TRUE,"A",FALSE,2118,TRUE,1,1,0,0,4,"1100",87,"ms","05"
"1381",1415025633268,"old",FALSE,"B",NA,1556,FALSE,0,1,0,0,5,"0100",87,"ms","05"
"1382",1415025635580,"old",FALSE,"A",NA,1796,FALSE,1,0,0,1,6,"1001",87,"ms","05"
"1383",1415025638135,"old",FALSE,"A",NA,1601,FALSE,1,1,1,1,7,"1111",87,"ms","05"
"1384",1415025640502,"old",TRUE,"B",FALSE,1618,TRUE,1,1,0,1,8,"1101",87,"ms","05"
"1385",1415025642878,"old",FALSE,"B",NA,2970,FALSE,0,0,1,0,9,"0010",87,"ms","05"
"1386",1415025646612,"old",TRUE,"B",TRUE,2475,TRUE,0,1,1,0,10,"0110",87,"ms","05"
"1387",1415025649851,"old",TRUE,"A",TRUE,2117,TRUE,1,0,1,0,11,"1010",87,"ms","05"
"1388",1415025652722,"old",TRUE,"A",FALSE,2214,TRUE,0,0,0,1,12,"0001",87,"ms","05"
"1389",1415025655691,"old",TRUE,"A",TRUE,2732,TRUE,1,1,1,0,13,"1110",87,"ms","05"
"1390",1415025659175,"old",TRUE,"B",TRUE,1329,TRUE,0,0,0,0,14,"0000",87,"ms","05"
"1391",1415025661269,"old",TRUE,"A",TRUE,2011,TRUE,0,1,1,1,15,"0111",87,"ms","05"
"1392",1415025664041,"old",FALSE,"A",NA,1326,FALSE,0,1,0,1,16,"0101",87,"ms","05"
"1393",1415025701235,"old",TRUE,"B",TRUE,5132,TRUE,0,0,0,0,1,"0000",88,"ms","05"
"1394",1415025707132,"old",FALSE,"A",NA,3177,FALSE,1,0,0,0,2,"1000",88,"ms","05"
"1395",1415025711072,"old",FALSE,"A",NA,2343,FALSE,0,0,1,0,3,"0010",88,"ms","05"
"1396",1415025714166,"old",TRUE,"A",TRUE,1618,TRUE,1,0,1,1,4,"1011",88,"ms","05"
"1397",1415025716537,"old",FALSE,"B",NA,2447,FALSE,1,1,1,1,5,"1111",88,"ms","05"
"1398",1415025719745,"old",TRUE,"B",FALSE,1505,TRUE,0,1,1,1,6,"0111",88,"ms","05"
"1399",1415025722011,"new",TRUE,"B",NA,5022,FALSE,1,0,0,1,7,"1001",88,"ms","05"
"1400",1415025727795,"old",FALSE,"A",NA,1892,FALSE,0,1,0,0,8,"0100",88,"ms","05"
"1401",1415025730453,"old",TRUE,"A",TRUE,1947,TRUE,1,0,1,0,9,"1010",88,"ms","05"
"1402",1415025733160,"old",TRUE,"B",TRUE,1507,TRUE,1,1,0,0,10,"1100",88,"ms","05"
"1403",1415025735422,"old",TRUE,"A",TRUE,1175,TRUE,1,1,0,1,11,"1101",88,"ms","05"
"1404",1415025737360,"old",TRUE,"A",FALSE,1672,TRUE,0,1,1,0,12,"0110",88,"ms","05"
"1405",1415025739783,"old",TRUE,"B",TRUE,1798,TRUE,0,0,0,1,13,"0001",88,"ms","05"
"1406",1415025742346,"old",FALSE,"A",NA,1471,FALSE,0,1,0,1,14,"0101",88,"ms","05"
"1407",1415025744569,"old",TRUE,"A",TRUE,1589,TRUE,1,1,1,0,15,"1110",88,"ms","05"
"1408",1415025746924,"old",FALSE,"B",NA,3034,FALSE,0,0,1,1,16,"0011",88,"ms","05"
"1409",1415025834339,"old",FALSE,"B",NA,12232,FALSE,0,1,0,1,1,"0101",89,"ms","05"
"1410",1415025847333,"old",TRUE,"A",TRUE,4867,TRUE,1,1,0,1,2,"1101",89,"ms","05"
"1411",1415025852965,"old",FALSE,"A",NA,2521,FALSE,1,0,0,1,3,"1001",89,"ms","05"
"1412",1415025856238,"old",FALSE,"A",NA,4365,FALSE,0,0,1,0,4,"0010",89,"ms","05"
"1413",1415025861355,"old",TRUE,"A",TRUE,2897,TRUE,1,0,1,1,5,"1011",89,"ms","05"
"1414",1415025865003,"old",TRUE,"B",TRUE,4684,TRUE,0,1,1,0,6,"0110",89,"ms","05"
"1415",1415025870452,"old",TRUE,"B",TRUE,4317,TRUE,0,0,0,0,7,"0000",89,"ms","05"
"1416",1415025875519,"old",TRUE,"B",TRUE,6799,TRUE,0,0,0,1,8,"0001",89,"ms","05"
"1417",1415025883084,"old",FALSE,"A",NA,2137,FALSE,0,0,1,1,9,"0011",89,"ms","05"
"1418",1415025885977,"old",FALSE,"A",NA,2288,FALSE,1,0,0,0,10,"1000",89,"ms","05"
"1419",1415025889025,"old",FALSE,"A",NA,2976,FALSE,1,1,1,1,11,"1111",89,"ms","05"
"1420",1415025892762,"old",TRUE,"A",TRUE,2080,TRUE,1,0,1,0,12,"1010",89,"ms","05"
"1421",1415025895594,"old",TRUE,"A",TRUE,4539,TRUE,0,1,1,1,13,"0111",89,"ms","05"
"1422",1415025900889,"old",TRUE,"A",TRUE,1798,TRUE,1,1,1,0,14,"1110",89,"ms","05"
"1423",1415025903446,"old",TRUE,"B",TRUE,2419,TRUE,1,1,0,0,15,"1100",89,"ms","05"
"1424",1415025906660,"old",FALSE,"B",NA,2604,FALSE,0,1,0,0,16,"0100",89,"ms","05"
"1425",1415025961487,"old",TRUE,"A",TRUE,4082,TRUE,1,1,0,1,1,"1101",90,"ms","05"
"1426",1415025966322,"old",TRUE,"B",TRUE,3662,TRUE,0,0,0,0,2,"0000",90,"ms","05"
"1427",1415025970747,"old",FALSE,"A",NA,4787,FALSE,0,0,1,0,3,"0010",90,"ms","05"
"1428",1415025976312,"old",FALSE,"A",NA,3056,FALSE,1,0,0,0,4,"1000",90,"ms","05"
"1429",1415025980124,"old",TRUE,"B",TRUE,2308,TRUE,0,0,0,1,5,"0001",90,"ms","05"
"1430",1415025983189,"old",FALSE,"A",NA,3129,FALSE,0,1,0,1,6,"0101",90,"ms","05"
"1431",1415025987076,"old",TRUE,"A",TRUE,2123,TRUE,1,1,1,0,7,"1110",90,"ms","05"
"1432",1415025989957,"old",FALSE,"A",NA,1828,FALSE,0,0,1,1,8,"0011",90,"ms","05"
"1433",1415025992537,"old",TRUE,"A",TRUE,1948,TRUE,1,0,1,0,9,"1010",90,"ms","05"
"1434",1415025995251,"old",FALSE,"A",NA,2882,FALSE,1,1,1,1,10,"1111",90,"ms","05"
"1435",1415025998897,"old",TRUE,"A",FALSE,2456,TRUE,1,1,0,0,11,"1100",90,"ms","05"
"1436",1415026002108,"old",TRUE,"A",TRUE,1974,TRUE,1,0,1,1,12,"1011",90,"ms","05"
"1437",1415026004835,"old",FALSE,"A",NA,1764,FALSE,1,0,0,1,13,"1001",90,"ms","05"
"1438",1415026007353,"old",TRUE,"A",FALSE,2777,TRUE,0,1,1,0,14,"0110",90,"ms","05"
"1439",1415026010885,"old",FALSE,"B",NA,1614,FALSE,0,1,0,0,15,"0100",90,"ms","05"
"1440",1415026013257,"old",TRUE,"A",TRUE,5742,TRUE,0,1,1,1,16,"0111",90,"ms","05"
"1441",1415026149930,"old",TRUE,"A",TRUE,2801,TRUE,1,0,1,1,1,"1011",91,"ms","05"
"1442",1415026153497,"old",TRUE,"A",TRUE,1938,TRUE,1,0,1,0,2,"1010",91,"ms","05"
"1443",1415026156203,"old",FALSE,"B",NA,2083,FALSE,1,0,0,1,3,"1001",91,"ms","05"
"1444",1415026159051,"old",FALSE,"A",NA,1517,FALSE,1,1,1,1,4,"1111",91,"ms","05"
"1445",1415026161328,"old",TRUE,"B",FALSE,1869,TRUE,1,1,0,1,5,"1101",91,"ms","05"
"1446",1415026163949,"old",TRUE,"A",TRUE,1926,TRUE,0,1,1,1,6,"0111",91,"ms","05"
"1447",1415026166633,"old",FALSE,"B",NA,1833,FALSE,0,0,1,1,7,"0011",91,"ms","05"
"1448",1415026169221,"old",TRUE,"B",TRUE,2047,TRUE,0,0,0,1,8,"0001",91,"ms","05"
"1449",1415026172029,"old",TRUE,"B",TRUE,1671,TRUE,0,1,1,0,9,"0110",91,"ms","05"
"1450",1415026174463,"old",FALSE,"B",NA,1659,FALSE,0,1,0,1,10,"0101",91,"ms","05"
"1451",1415026176881,"old",FALSE,"B",NA,1667,FALSE,1,0,0,0,11,"1000",91,"ms","05"
"1452",1415026179298,"old",FALSE,"A",NA,1680,FALSE,0,0,1,0,12,"0010",91,"ms","05"
"1453",1415026181732,"old",FALSE,"B",NA,1603,FALSE,0,1,0,0,13,"0100",91,"ms","05"
"1454",1415026184087,"old",TRUE,"B",TRUE,1445,TRUE,0,0,0,0,14,"0000",91,"ms","05"
"1455",1415026186287,"old",TRUE,"B",TRUE,1983,TRUE,1,1,0,0,15,"1100",91,"ms","05"
"1456",1415026189032,"old",TRUE,"A",TRUE,1487,TRUE,1,1,1,0,16,"1110",91,"ms","05"
"1457",1415022628245,"old",FALSE,"A",NA,6380,FALSE,0,1,0,1,1,"0101",92,"ms","05"
"1458",1415022635388,"old",FALSE,"A",NA,3076,FALSE,1,0,0,0,2,"1000",92,"ms","05"
"1459",1415022639217,"old",TRUE,"B",TRUE,2990,TRUE,0,1,1,0,3,"0110",92,"ms","05"
"1460",1415022642966,"old",FALSE,"A",NA,2348,FALSE,1,1,1,1,4,"1111",92,"ms","05"
"1461",1415022646082,"old",TRUE,"A",TRUE,2461,TRUE,1,1,1,0,5,"1110",92,"ms","05"
"1462",1415022649315,"old",TRUE,"B",FALSE,3209,TRUE,1,1,0,1,6,"1101",92,"ms","05"
"1463",1415022653298,"old",TRUE,"A",TRUE,2176,TRUE,1,0,1,0,7,"1010",92,"ms","05"
"1464",1415022656250,"old",FALSE,"B",NA,2508,FALSE,0,1,0,0,8,"0100",92,"ms","05"
"1465",1415022659521,"old",FALSE,"B",NA,2168,FALSE,0,0,1,1,9,"0011",92,"ms","05"
"1466",1415022662452,"old",TRUE,"B",TRUE,2322,TRUE,0,0,0,1,10,"0001",92,"ms","05"
"1467",1415022665534,"old",TRUE,"A",FALSE,2238,TRUE,1,1,0,0,11,"1100",92,"ms","05"
"1468",1415022668535,"old",TRUE,"A",TRUE,2321,TRUE,0,1,1,1,12,"0111",92,"ms","05"
"1469",1415022671620,"old",FALSE,"B",NA,1834,FALSE,0,0,1,0,13,"0010",92,"ms","05"
"1470",1415022674231,"old",TRUE,"A",TRUE,1811,TRUE,1,0,1,1,14,"1011",92,"ms","05"
"1471",1415022676816,"old",FALSE,"A",NA,2223,FALSE,1,0,0,1,15,"1001",92,"ms","05"
"1472",1415022679799,"old",TRUE,"B",TRUE,1573,TRUE,0,0,0,0,16,"0000",92,"ms","05"
"1473",1415026243599,"old",TRUE,"B",TRUE,2783,TRUE,0,0,0,0,1,"0000",93,"ms","05"
"1474",1415026247153,"old",FALSE,"A",NA,3547,FALSE,1,0,0,1,2,"1001",93,"ms","05"
"1475",1415026251464,"old",FALSE,"A",NA,1759,FALSE,1,0,0,0,3,"1000",93,"ms","05"
"1476",1415026253973,"old",TRUE,"A",TRUE,1414,TRUE,1,0,1,1,4,"1011",93,"ms","05"
"1477",1415026256158,"old",TRUE,"A",TRUE,1591,TRUE,1,1,0,1,5,"1101",93,"ms","05"
"1478",1415026258505,"old",FALSE,"B",NA,1284,FALSE,0,0,1,1,6,"0011",93,"ms","05"
"1479",1415026260557,"old",TRUE,"A",TRUE,1277,TRUE,1,0,1,0,7,"1010",93,"ms","05"
"1480",1415026262598,"old",TRUE,"B",TRUE,1453,TRUE,1,1,0,0,8,"1100",93,"ms","05"
"1481",1415026264820,"old",FALSE,"A",NA,1812,FALSE,0,1,0,0,9,"0100",93,"ms","05"
"1482",1415026267371,"old",TRUE,"B",TRUE,2113,TRUE,0,1,1,0,10,"0110",93,"ms","05"
"1483",1415026270240,"old",TRUE,"A",TRUE,1360,TRUE,1,1,1,0,11,"1110",93,"ms","05"
"1484",1415026272354,"old",FALSE,"A",NA,1612,FALSE,0,1,0,1,12,"0101",93,"ms","05"
"1485",1415026274727,"old",FALSE,"B",NA,5492,FALSE,1,1,1,1,13,"1111",93,"ms","05"
"1486",1415026280979,"old",TRUE,"B",TRUE,1354,TRUE,0,0,0,1,14,"0001",93,"ms","05"
"1487",1415026283090,"old",FALSE,"A",NA,1177,FALSE,0,0,1,0,15,"0010",93,"ms","05"
"1488",1415026285039,"old",TRUE,"A",TRUE,1678,TRUE,0,1,1,1,16,"0111",93,"ms","05"
"1489",1415026263476,"old",FALSE,"A",NA,6766,FALSE,0,0,1,1,1,"0011",94,"ms","05"
"1490",1415026270998,"old",TRUE,"A",TRUE,2124,TRUE,0,1,1,1,2,"0111",94,"ms","05"
"1491",1415026273878,"old",TRUE,"B",FALSE,2076,TRUE,1,1,1,0,3,"1110",94,"ms","05"
"1492",1415026276705,"old",FALSE,"B",NA,3077,FALSE,1,0,0,0,4,"1000",94,"ms","05"
"1493",1415026280534,"old",FALSE,"A",NA,3384,FALSE,1,0,0,1,5,"1001",94,"ms","05"
"1494",1415026284679,"old",FALSE,"B",NA,1943,FALSE,0,0,1,0,6,"0010",94,"ms","05"
"1495",1415026287374,"old",TRUE,"A",TRUE,2282,TRUE,1,0,1,0,7,"1010",94,"ms","05"
"1496",1415026290409,"old",TRUE,"A",TRUE,1578,TRUE,1,1,0,1,8,"1101",94,"ms","05"
"1497",1415026292739,"old",TRUE,"A",TRUE,2453,TRUE,1,0,1,1,9,"1011",94,"ms","05"
"1498",1415026295944,"old",TRUE,"B",TRUE,1644,TRUE,0,0,0,0,10,"0000",94,"ms","05"
"1499",1415026298339,"old",TRUE,"A",FALSE,1417,TRUE,0,0,0,1,11,"0001",94,"ms","05"
"1500",1415026300508,"old",FALSE,"B",NA,1943,FALSE,0,1,0,0,12,"0100",94,"ms","05"
"1501",1415026303202,"old",FALSE,"A",NA,1661,FALSE,0,1,0,1,13,"0101",94,"ms","05"
"1502",1415026305615,"old",TRUE,"B",TRUE,1547,TRUE,0,1,1,0,14,"0110",94,"ms","05"
"1503",1415026307913,"old",FALSE,"A",NA,1531,FALSE,1,1,1,1,15,"1111",94,"ms","05"
"1504",1415026310201,"old",TRUE,"B",TRUE,1590,TRUE,1,1,0,0,16,"1100",94,"ms","05"
"1505",1415026262315,"old",FALSE,"A",NA,4821,FALSE,1,1,1,1,1,"1111",95,"ms","05"
"1506",1415026267885,"old",FALSE,"B",NA,4929,FALSE,1,0,0,0,2,"1000",95,"ms","05"
"1507",1415026273579,"old",FALSE,"A",NA,3931,FALSE,0,1,0,1,3,"0101",95,"ms","05"
"1508",1415026278259,"old",FALSE,"B",NA,2854,FALSE,0,1,0,0,4,"0100",95,"ms","05"
"1509",1415026281862,"old",FALSE,"A",NA,2434,FALSE,0,0,1,1,5,"0011",95,"ms","05"
"1510",1415026285045,"old",TRUE,"A",TRUE,2340,TRUE,1,0,1,1,6,"1011",95,"ms","05"
"1511",1415026288136,"old",TRUE,"A",TRUE,2902,TRUE,1,1,0,1,7,"1101",95,"ms","05"
"1512",1415026291787,"old",TRUE,"B",TRUE,2059,TRUE,0,0,0,0,8,"0000",95,"ms","05"
"1513",1415026294595,"old",TRUE,"B",TRUE,2293,TRUE,1,1,0,0,9,"1100",95,"ms","05"
"1514",1415026297653,"old",FALSE,"A",NA,2199,FALSE,0,0,1,0,10,"0010",95,"ms","05"
"1515",1415026300601,"old",TRUE,"B",TRUE,1732,TRUE,0,1,1,0,11,"0110",95,"ms","05"
"1516",1415026303097,"old",TRUE,"A",TRUE,1934,TRUE,1,1,1,0,12,"1110",95,"ms","05"
"1517",1415026305796,"old",TRUE,"A",TRUE,2215,TRUE,1,0,1,0,13,"1010",95,"ms","05"
"1518",1415026308760,"old",TRUE,"B",TRUE,2761,TRUE,0,0,0,1,14,"0001",95,"ms","05"
"1519",1415026312270,"old",FALSE,"B",NA,3401,FALSE,1,0,0,1,15,"1001",95,"ms","05"
"1520",1415026316419,"old",TRUE,"A",TRUE,1950,TRUE,0,1,1,1,16,"0111",95,"ms","05"
"1521",1415026320815,"old",FALSE,"A",NA,6800,FALSE,0,0,1,0,1,"0010",96,"ms","05"
"1522",1415026328366,"old",TRUE,"A",FALSE,2551,TRUE,0,0,0,0,2,"0000",96,"ms","05"
"1523",1415026331669,"old",FALSE,"A",NA,1532,FALSE,1,0,0,1,3,"1001",96,"ms","05"
"1524",1415026333954,"old",TRUE,"A",TRUE,1468,TRUE,1,0,1,1,4,"1011",96,"ms","05"
"1525",1415026336175,"old",FALSE,"B",NA,4138,FALSE,0,0,1,1,5,"0011",96,"ms","05"
"1526",1415026341066,"old",TRUE,"A",TRUE,2007,TRUE,1,0,1,0,6,"1010",96,"ms","05"
"1527",1415026343826,"old",FALSE,"A",NA,4206,FALSE,1,1,1,1,7,"1111",96,"ms","05"
"1528",1415026348785,"old",TRUE,"B",TRUE,2266,TRUE,0,0,0,1,8,"0001",96,"ms","05"
"1529",1415026351809,"old",FALSE,"A",NA,1293,FALSE,1,0,0,0,9,"1000",96,"ms","05"
"1530",1415026353855,"old",TRUE,"A",TRUE,1155,TRUE,1,1,0,1,10,"1101",96,"ms","05"
"1531",1415026355763,"old",TRUE,"A",TRUE,1211,TRUE,1,1,1,0,11,"1110",96,"ms","05"
"1532",1415026357725,"old",TRUE,"B",TRUE,1710,TRUE,0,1,1,0,12,"0110",96,"ms","05"
"1533",1415026360187,"old",TRUE,"B",FALSE,1138,TRUE,0,1,1,1,13,"0111",96,"ms","05"
"1534",1415026362077,"old",FALSE,"A",NA,1093,FALSE,0,1,0,1,14,"0101",96,"ms","05"
"1535",1415026363921,"old",TRUE,"A",FALSE,1085,TRUE,1,1,0,0,15,"1100",96,"ms","05"
"1536",1415026365757,"old",FALSE,"A",NA,1450,FALSE,0,1,0,0,16,"0100",96,"ms","05"
"1537",1415026385394,"old",FALSE,"A",NA,4471,FALSE,1,0,0,1,1,"1001",97,"ms","05"
"1538",1415026390616,"old",TRUE,"A",TRUE,2721,TRUE,1,0,1,0,2,"1010",97,"ms","05"
"1539",1415026394100,"old",FALSE,"B",NA,2732,FALSE,0,1,0,0,3,"0100",97,"ms","05"
"1540",1415026397615,"old",TRUE,"A",TRUE,1947,TRUE,1,0,1,1,4,"1011",97,"ms","05"
"1541",1415026400329,"old",FALSE,"A",NA,1721,FALSE,1,1,1,1,5,"1111",97,"ms","05"
"1542",1415026402809,"old",FALSE,"B",NA,3147,FALSE,1,0,0,0,6,"1000",97,"ms","05"
"1543",1415026406714,"old",TRUE,"A",TRUE,1522,TRUE,1,1,1,0,7,"1110",97,"ms","05"
"1544",1415026408997,"new",TRUE,"B",NA,4439,FALSE,0,0,1,0,8,"0010",97,"ms","05"
"1545",1415026414197,"old",FALSE,"A",NA,4115,FALSE,0,1,0,1,9,"0101",97,"ms","05"
"1546",1415026419064,"old",TRUE,"B",TRUE,2232,TRUE,0,0,0,1,10,"0001",97,"ms","05"
"1547",1415026422061,"old",TRUE,"B",TRUE,1963,TRUE,1,1,0,0,11,"1100",97,"ms","05"
"1548",1415026424776,"old",TRUE,"B",FALSE,2604,TRUE,0,1,1,1,12,"0111",97,"ms","05"
"1549",1415026428161,"old",TRUE,"B",TRUE,1631,TRUE,0,1,1,0,13,"0110",97,"ms","05"
"1550",1415026430553,"old",TRUE,"A",TRUE,1409,TRUE,1,1,0,1,14,"1101",97,"ms","05"
"1551",1415026432721,"old",FALSE,"B",NA,1952,FALSE,0,0,1,1,15,"0011",97,"ms","05"
"1552",1415026435435,"old",TRUE,"B",TRUE,1898,TRUE,0,0,0,0,16,"0000",97,"ms","05"
"1553",1415026375233,"old",FALSE,"B",NA,4140,FALSE,1,0,0,1,1,"1001",98,"ms","05"
"1554",1415026380136,"new",TRUE,"B",NA,8570,FALSE,0,1,0,1,2,"0101",98,"ms","05"
"1555",1415026389473,"old",FALSE,"A",NA,2761,FALSE,1,1,1,1,3,"1111",98,"ms","05"
"1556",1415026392994,"old",TRUE,"A",TRUE,2753,TRUE,1,0,1,0,4,"1010",98,"ms","05"
"1557",1415026396515,"old",TRUE,"B",TRUE,3025,TRUE,0,1,1,0,5,"0110",98,"ms","05"
"1558",1415026400307,"old",FALSE,"B",NA,3290,FALSE,1,0,0,0,6,"1000",98,"ms","05"
"1559",1415026404357,"old",FALSE,"B",NA,15516,FALSE,0,1,0,0,7,"0100",98,"ms","05"
"1560",1415026420635,"old",TRUE,"A",TRUE,3485,TRUE,0,1,1,1,8,"0111",98,"ms","05"
"1561",1415026424875,"old",FALSE,"A",NA,1961,FALSE,0,0,1,0,9,"0010",98,"ms","05"
"1562",1415026427596,"old",TRUE,"A",TRUE,2203,TRUE,1,1,0,1,10,"1101",98,"ms","05"
"1563",1415026430563,"old",FALSE,"A",NA,2457,FALSE,0,0,1,1,11,"0011",98,"ms","05"
"1564",1415026433783,"old",TRUE,"A",FALSE,1876,TRUE,0,0,0,0,12,"0000",98,"ms","05"
"1565",1415026436426,"old",TRUE,"B",TRUE,2257,TRUE,1,1,0,0,13,"1100",98,"ms","05"
"1566",1415026439444,"old",TRUE,"B",TRUE,2489,TRUE,0,0,0,1,14,"0001",98,"ms","05"
"1567",1415026442696,"old",TRUE,"A",TRUE,2140,TRUE,1,1,1,0,15,"1110",98,"ms","05"
"1568",1415026445596,"old",TRUE,"A",TRUE,3093,TRUE,1,0,1,1,16,"1011",98,"ms","05"
"1569",1415026477897,"old",FALSE,"A",NA,5039,FALSE,1,1,1,1,1,"1111",99,"ms","05"
"1570",1415026483716,"old",TRUE,"A",TRUE,5499,TRUE,1,0,1,0,2,"1010",99,"ms","05"
"1571",1415026489969,"old",FALSE,"B",NA,3216,FALSE,0,1,0,0,3,"0100",99,"ms","05"
"1572",1415026493941,"old",FALSE,"B",NA,3512,FALSE,0,1,0,1,4,"0101",99,"ms","05"
"1573",1415026498207,"new",FALSE,"A",FALSE,7444,TRUE,0,0,0,1,5,"0001",99,"ms","05"
"1574",1415026506404,"old",TRUE,"A",TRUE,3797,TRUE,1,0,1,1,6,"1011",99,"ms","05"
"1575",1415026510962,"old",TRUE,"B",TRUE,3273,TRUE,1,1,0,0,7,"1100",99,"ms","05"
"1576",1415026514996,"old",TRUE,"A",TRUE,4571,TRUE,1,1,1,0,8,"1110",99,"ms","05"
"1577",1415026520326,"old",TRUE,"A",TRUE,3142,TRUE,0,1,1,1,9,"0111",99,"ms","05"
"1578",1415026524218,"new",TRUE,"A",NA,4100,FALSE,0,0,1,1,10,"0011",99,"ms","05"
"1579",1415026529080,"old",FALSE,"A",NA,7652,FALSE,0,0,1,0,11,"0010",99,"ms","05"
"1580",1415026537491,"new",FALSE,"B",TRUE,6602,TRUE,0,0,0,0,12,"0000",99,"ms","05"
"1581",1415026544848,"old",TRUE,"A",TRUE,3480,TRUE,1,1,0,1,13,"1101",99,"ms","05"
"1582",1415026549086,"old",TRUE,"B",TRUE,4292,TRUE,0,1,1,0,14,"0110",99,"ms","05"
"1583",1415026554136,"old",FALSE,"A",NA,4393,FALSE,1,0,0,1,15,"1001",99,"ms","05"
"1584",1415026559293,"new",TRUE,"A",NA,5336,FALSE,1,0,0,0,16,"1000",99,"ms","05"
"1585",1415026535833,"old",TRUE,"A",FALSE,2951,TRUE,0,1,1,0,1,"0110",100,"ms","05"
"1586",1415026539535,"old",TRUE,"B",FALSE,2752,TRUE,1,1,0,1,2,"1101",100,"ms","05"
"1587",1415026543039,"old",FALSE,"A",NA,2040,FALSE,0,0,1,1,3,"0011",100,"ms","05"
"1588",1415026545832,"old",TRUE,"B",TRUE,2303,TRUE,0,0,0,0,4,"0000",100,"ms","05"
"1589",1415026548886,"old",FALSE,"B",NA,4258,FALSE,1,0,0,1,5,"1001",100,"ms","05"
"1590",1415026553896,"old",TRUE,"A",TRUE,2920,TRUE,0,1,1,1,6,"0111",100,"ms","05"
"1591",1415026557568,"old",FALSE,"A",NA,4592,FALSE,0,0,1,0,7,"0010",100,"ms","05"
"1592",1415026562913,"old",TRUE,"A",TRUE,2278,TRUE,1,1,1,0,8,"1110",100,"ms","05"
"1593",1415026565943,"old",FALSE,"B",NA,2472,FALSE,0,1,0,0,9,"0100",100,"ms","05"
"1594",1415026569167,"new",TRUE,"A",NA,3216,FALSE,1,1,1,1,10,"1111",100,"ms","05"
"1595",1415026573135,"old",FALSE,"B",NA,2896,FALSE,0,1,0,1,11,"0101",100,"ms","05"
"1596",1415026576783,"old",TRUE,"A",TRUE,3048,TRUE,1,0,1,1,12,"1011",100,"ms","05"
"1597",1415026580582,"old",TRUE,"A",TRUE,1929,TRUE,1,0,1,0,13,"1010",100,"ms","05"
"1598",1415026583263,"old",TRUE,"B",TRUE,1560,TRUE,0,0,0,1,14,"0001",100,"ms","05"
"1599",1415026585576,"old",FALSE,"B",NA,2823,FALSE,1,0,0,0,15,"1000",100,"ms","05"
"1600",1415026589152,"old",TRUE,"B",TRUE,2510,TRUE,1,1,0,0,16,"1100",100,"ms","05"
"1601",1415026529795,"old",TRUE,"A",TRUE,5900,TRUE,0,1,1,1,1,"0111",101,"ms","05"
"1602",1415026536447,"old",TRUE,"B",TRUE,2929,TRUE,0,0,0,0,2,"0000",101,"ms","05"
"1603",1415026540127,"old",TRUE,"B",TRUE,2929,TRUE,0,0,0,1,3,"0001",101,"ms","05"
"1604",1415026543807,"old",TRUE,"A",TRUE,3529,TRUE,1,1,1,0,4,"1110",101,"ms","05"
"1605",1415026548086,"old",TRUE,"A",TRUE,2865,TRUE,1,0,1,0,5,"1010",101,"ms","05"
"1606",1415026551703,"old",TRUE,"A",TRUE,4865,TRUE,1,0,1,1,6,"1011",101,"ms","05"
"1607",1415026557319,"old",FALSE,"B",NA,2345,FALSE,1,0,0,1,7,"1001",101,"ms","05"
"1608",1415026560415,"old",TRUE,"A",FALSE,7608,TRUE,1,1,0,0,8,"1100",101,"ms","05"
"1609",1415026568775,"old",FALSE,"B",NA,2256,FALSE,0,1,0,0,9,"0100",101,"ms","05"
"1610",1415026571783,"old",FALSE,"A",NA,1961,FALSE,0,1,0,1,10,"0101",101,"ms","05"
"1611",1415026574495,"old",TRUE,"B",TRUE,1825,TRUE,0,1,1,0,11,"0110",101,"ms","05"
"1612",1415026577071,"old",FALSE,"A",NA,3049,FALSE,1,0,0,0,12,"1000",101,"ms","05"
"1613",1415026580871,"old",FALSE,"A",NA,5696,FALSE,0,0,1,1,13,"0011",101,"ms","05"
"1614",1415026587319,"old",FALSE,"A",NA,2040,FALSE,1,1,1,1,14,"1111",101,"ms","05"
"1615",1415026590110,"old",TRUE,"A",TRUE,3186,TRUE,1,1,0,1,15,"1101",101,"ms","05"
"1616",1415026594048,"old",FALSE,"B",NA,1644,FALSE,0,0,1,0,16,"0010",101,"ms","05"
"1617",1415026583134,"old",TRUE,"A",TRUE,3892,TRUE,0,1,1,1,1,"0111",102,"ms","05"
"1618",1415026587793,"old",FALSE,"B",NA,2781,FALSE,1,0,0,1,2,"1001",102,"ms","05"
"1619",1415026591338,"old",TRUE,"B",TRUE,1947,TRUE,0,0,0,0,3,"0000",102,"ms","05"
"1620",1415026594051,"old",TRUE,"A",TRUE,1674,TRUE,1,0,1,1,4,"1011",102,"ms","05"
"1621",1415026596489,"old",TRUE,"A",TRUE,1713,TRUE,1,1,1,0,5,"1110",102,"ms","05"
"1622",1415026598961,"old",FALSE,"A",NA,1667,FALSE,0,0,1,0,6,"0010",102,"ms","05"
"1623",1415026601389,"old",FALSE,"B",NA,2171,FALSE,1,0,0,0,7,"1000",102,"ms","05"
"1624",1415026604320,"old",FALSE,"B",NA,1716,FALSE,0,1,0,1,8,"0101",102,"ms","05"
"1625",1415026606792,"old",TRUE,"B",TRUE,2779,TRUE,1,1,0,0,9,"1100",102,"ms","05"
"1626",1415026610338,"old",TRUE,"B",FALSE,1611,TRUE,1,1,0,1,10,"1101",102,"ms","05"
"1627",1415026612713,"old",TRUE,"B",TRUE,1527,TRUE,0,1,1,0,11,"0110",102,"ms","05"
"1628",1415026614992,"old",TRUE,"A",FALSE,2340,TRUE,0,0,0,1,12,"0001",102,"ms","05"
"1629",1415026618089,"old",FALSE,"A",NA,1879,FALSE,0,0,1,1,13,"0011",102,"ms","05"
"1630",1415026620729,"old",FALSE,"B",NA,2011,FALSE,0,1,0,0,14,"0100",102,"ms","05"
"1631",1415026623497,"old",TRUE,"A",TRUE,2323,TRUE,1,0,1,0,15,"1010",102,"ms","05"
"1632",1415026626578,"old",FALSE,"B",NA,2543,FALSE,1,1,1,1,16,"1111",102,"ms","05"
"1633",1415026471438,"old",FALSE,"B",NA,4966,FALSE,1,0,0,1,1,"1001",103,"ms","05"
"1634",1415026477155,"new",FALSE,"B",FALSE,3849,TRUE,0,1,1,1,2,"0111",103,"ms","05"
"1635",1415026481755,"old",TRUE,"A",FALSE,8627,TRUE,0,0,0,0,3,"0000",103,"ms","05"
"1636",1415026491134,"old",FALSE,"A",NA,2310,FALSE,0,0,1,0,4,"0010",103,"ms","05"
"1637",1415026494196,"old",FALSE,"B",NA,6663,FALSE,0,1,0,0,5,"0100",103,"ms","05"
"1638",1415026501611,"new",FALSE,"A",TRUE,5400,TRUE,1,1,0,1,6,"1101",103,"ms","05"
"1639",1415026507762,"old",FALSE,"B",NA,2471,FALSE,0,0,1,1,7,"0011",103,"ms","05"
"1640",1415026510985,"old",FALSE,"B",NA,3852,FALSE,0,1,0,1,8,"0101",103,"ms","05"
"1641",1415026515589,"old",TRUE,"A",FALSE,3237,TRUE,1,1,0,0,9,"1100",103,"ms","05"
"1642",1415026519577,"old",TRUE,"A",TRUE,3676,TRUE,1,0,1,1,10,"1011",103,"ms","05"
"1643",1415026524006,"old",TRUE,"B",FALSE,2345,TRUE,1,1,1,0,11,"1110",103,"ms","05"
"1644",1415026527103,"old",TRUE,"B",TRUE,2577,TRUE,0,0,0,1,12,"0001",103,"ms","05"
"1645",1415026530431,"old",FALSE,"A",NA,3662,FALSE,1,1,1,1,13,"1111",103,"ms","05"
"1646",1415026534844,"old",TRUE,"A",FALSE,2500,TRUE,0,1,1,0,14,"0110",103,"ms","05"
"1647",1415026538096,"old",FALSE,"B",NA,115341,FALSE,1,0,0,0,15,"1000",103,"ms","05"
"1648",1415026654189,"old",TRUE,"A",TRUE,2480,TRUE,1,0,1,0,16,"1010",103,"ms","05"
"1649",1415026733532,"old",TRUE,"A",TRUE,5989,TRUE,1,0,1,1,1,"1011",104,"ms","05"
"1650",1415026740273,"old",FALSE,"A",NA,5258,FALSE,0,0,1,1,2,"0011",104,"ms","05"
"1651",1415026746284,"old",TRUE,"A",TRUE,4834,TRUE,1,1,0,1,3,"1101",104,"ms","05"
"1652",1415026751871,"old",TRUE,"B",TRUE,3431,TRUE,1,1,0,0,4,"1100",104,"ms","05"
"1653",1415026756054,"old",TRUE,"A",TRUE,3384,TRUE,0,1,1,1,5,"0111",104,"ms","05"
"1654",1415026760190,"new",TRUE,"B",NA,10647,FALSE,0,1,0,1,6,"0101",104,"ms","05"
"1655",1415026771590,"old",TRUE,"A",TRUE,5398,TRUE,1,1,1,0,7,"1110",104,"ms","05"
"1656",1415026777740,"new",TRUE,"A",NA,16621,FALSE,1,1,1,1,8,"1111",104,"ms","05"
"1657",1415026795114,"old",TRUE,"B",TRUE,4167,TRUE,0,0,0,1,9,"0001",104,"ms","05"
"1658",1415026800033,"old",FALSE,"B",NA,3567,FALSE,0,1,0,0,10,"0100",104,"ms","05"
"1659",1415026804351,"new",FALSE,"B",TRUE,13808,TRUE,0,0,0,0,11,"0000",104,"ms","05"
"1660",1415026818911,"old",FALSE,"B",NA,12653,FALSE,0,0,1,0,12,"0010",104,"ms","05"
"1661",1415026832316,"old",TRUE,"B",TRUE,2712,TRUE,0,1,1,0,13,"0110",104,"ms","05"
"1662",1415026835780,"new",TRUE,"A",NA,24149,FALSE,1,0,0,0,14,"1000",104,"ms","05"
"1663",1415026860681,"old",TRUE,"A",TRUE,2872,TRUE,1,0,1,0,15,"1010",104,"ms","05"
"1664",1415026864306,"old",FALSE,"A",NA,3517,FALSE,1,0,0,1,16,"1001",104,"ms","05"
"1665",1415026742442,"old",TRUE,"B",TRUE,6192,TRUE,0,0,0,0,1,"0000",105,"ms","05"
"1666",1415026749387,"old",FALSE,"B",NA,12490,FALSE,0,1,0,0,2,"0100",105,"ms","05"
"1667",1415026762631,"old",TRUE,"A",TRUE,4460,TRUE,1,1,0,1,3,"1101",105,"ms","05"
"1668",1415026767845,"old",FALSE,"B",NA,13888,FALSE,1,1,1,1,4,"1111",105,"ms","05"
"1669",1415026782486,"old",TRUE,"B",TRUE,4768,TRUE,1,1,0,0,5,"1100",105,"ms","05"
"1670",1415026788006,"old",TRUE,"B",TRUE,10270,TRUE,0,1,1,0,6,"0110",105,"ms","05"
"1671",1415026799030,"old",TRUE,"B",TRUE,5689,TRUE,0,0,0,1,7,"0001",105,"ms","05"
"1672",1415026805473,"new",TRUE,"B",NA,16689,FALSE,0,0,1,1,8,"0011",105,"ms","05"
"1673",1415026822915,"new",TRUE,"A",NA,14759,FALSE,1,0,0,1,9,"1001",105,"ms","05"
"1674",1415026838427,"new",TRUE,"B",NA,17243,FALSE,0,0,1,0,10,"0010",105,"ms","05"
"1675",1415026856423,"old",TRUE,"A",TRUE,5416,TRUE,1,0,1,1,11,"1011",105,"ms","05"
"1676",1415026862593,"new",TRUE,"A",NA,25077,FALSE,1,0,0,0,12,"1000",105,"ms","05"
"1677",1415026888429,"old",TRUE,"A",TRUE,7619,TRUE,0,1,1,1,13,"0111",105,"ms","05"
"1678",1415026896801,"old",TRUE,"A",TRUE,6327,TRUE,1,0,1,0,14,"1010",105,"ms","05"
"1679",1415026903882,"old",TRUE,"A",TRUE,8337,TRUE,1,1,1,0,15,"1110",105,"ms","05"
"1680",1415026912973,"old",FALSE,"A",NA,8361,FALSE,0,1,0,1,16,"0101",105,"ms","05"
"1681",1415026917996,"old",TRUE,"B",TRUE,8470,TRUE,0,0,0,1,1,"0001",106,"ms","05"
"1682",1415026927233,"old",TRUE,"B",FALSE,4945,TRUE,1,1,0,1,2,"1101",106,"ms","05"
"1683",1415026932943,"old",TRUE,"A",TRUE,2819,TRUE,1,1,1,0,3,"1110",106,"ms","05"
"1684",1415026936522,"old",TRUE,"A",TRUE,2408,TRUE,1,0,1,0,4,"1010",106,"ms","05"
"1685",1415026939694,"old",FALSE,"B",NA,3860,FALSE,0,1,0,1,5,"0101",106,"ms","05"
"1686",1415026944327,"old",FALSE,"B",NA,5851,FALSE,0,0,1,1,6,"0011",106,"ms","05"
"1687",1415026950942,"old",FALSE,"B",NA,2252,FALSE,1,0,0,1,7,"1001",106,"ms","05"
"1688",1415026953950,"old",TRUE,"B",TRUE,2076,TRUE,1,1,0,0,8,"1100",106,"ms","05"
"1689",1415026956797,"old",TRUE,"A",FALSE,1709,TRUE,0,1,1,0,9,"0110",106,"ms","05"
"1690",1415026959266,"old",TRUE,"B",FALSE,1384,TRUE,0,1,1,1,10,"0111",106,"ms","05"
"1691",1415026961419,"old",FALSE,"A",NA,1503,FALSE,1,0,0,0,11,"1000",106,"ms","05"
"1692",1415026963687,"old",TRUE,"A",FALSE,1475,TRUE,0,0,0,0,12,"0000",106,"ms","05"
"1693",1415026965922,"old",TRUE,"B",FALSE,1456,TRUE,1,0,1,1,13,"1011",106,"ms","05"
"1694",1415026968153,"old",FALSE,"B",NA,1505,FALSE,1,1,1,1,14,"1111",106,"ms","05"
"1695",1415026970431,"old",FALSE,"A",NA,1523,FALSE,0,0,1,0,15,"0010",106,"ms","05"
"1696",1415026972729,"old",FALSE,"A",NA,1593,FALSE,0,1,0,0,16,"0100",106,"ms","05"
"1697",1415026769484,"old",TRUE,"B",TRUE,11070,TRUE,1,1,0,0,1,"1100",107,"ms","05"
"1698",1415026781321,"new",TRUE,"B",NA,29751,FALSE,1,0,0,0,2,"1000",107,"ms","05"
"1699",1415026811835,"new",TRUE,"B",NA,22042,FALSE,0,1,0,1,3,"0101",107,"ms","05"
"1700",1415026834640,"old",TRUE,"B",TRUE,13895,TRUE,0,0,0,0,4,"0000",107,"ms","05"
"1701",1415026849302,"old",TRUE,"B",TRUE,17941,TRUE,0,0,0,1,5,"0001",107,"ms","05"
"1702",1415026868015,"new",TRUE,"A",NA,26905,FALSE,1,0,0,1,6,"1001",107,"ms","05"
"1703",1415026895689,"old",TRUE,"B",TRUE,9521,TRUE,0,1,1,0,7,"0110",107,"ms","05"
"1704",1415026905971,"old",TRUE,"A",TRUE,9590,TRUE,1,1,1,0,8,"1110",107,"ms","05"
"1705",1415026916331,"old",TRUE,"A",TRUE,10833,TRUE,0,1,1,1,9,"0111",107,"ms","05"
"1706",1415026927931,"new",TRUE,"A",NA,25059,FALSE,1,1,1,1,10,"1111",107,"ms","05"
"1707",1415026953759,"old",TRUE,"A",TRUE,5721,TRUE,1,0,1,1,11,"1011",107,"ms","05"
"1708",1415026960236,"old",TRUE,"A",TRUE,10523,TRUE,1,0,1,0,12,"1010",107,"ms","05"
"1709",1415026971516,"old",TRUE,"B",FALSE,10832,TRUE,1,1,0,1,13,"1101",107,"ms","05"
"1710",1415026983121,"new",TRUE,"B",NA,26584,FALSE,0,0,1,0,14,"0010",107,"ms","05"
"1711",1415027010469,"new",TRUE,"B",NA,22687,FALSE,0,1,0,0,15,"0100",107,"ms","05"
"1712",1415027033924,"new",TRUE,"A",NA,24613,FALSE,0,0,1,1,16,"0011",107,"ms","05"
"1713",1415027082546,"old",TRUE,"A",TRUE,3983,TRUE,1,1,1,0,1,"1110",108,"ms","05"
"1714",1415027087281,"old",FALSE,"B",NA,1832,FALSE,0,0,1,0,2,"0010",108,"ms","05"
"1715",1415027089870,"old",TRUE,"B",TRUE,4235,TRUE,1,1,0,0,3,"1100",108,"ms","05"
"1716",1415027094862,"old",FALSE,"B",NA,1403,FALSE,0,1,0,0,4,"0100",108,"ms","05"
"1717",1415027097015,"old",TRUE,"A",FALSE,11261,TRUE,0,1,1,0,5,"0110",108,"ms","05"
"1718",1415027109043,"old",FALSE,"A",NA,1862,FALSE,1,1,1,1,6,"1111",108,"ms","05"
"1719",1415027111663,"old",TRUE,"A",TRUE,1377,TRUE,1,0,1,0,7,"1010",108,"ms","05"
"1720",1415027113800,"old",FALSE,"A",NA,1432,FALSE,1,0,0,1,8,"1001",108,"ms","05"
"1721",1415027115984,"old",TRUE,"A",TRUE,1496,TRUE,1,0,1,1,9,"1011",108,"ms","05"
"1722",1415027118231,"old",TRUE,"A",TRUE,3241,TRUE,1,1,0,1,10,"1101",108,"ms","05"
"1723",1415027122224,"old",FALSE,"B",NA,1552,FALSE,0,1,0,1,11,"0101",108,"ms","05"
"1724",1415027124528,"old",FALSE,"B",NA,1344,FALSE,0,0,1,1,12,"0011",108,"ms","05"
"1725",1415027126624,"old",TRUE,"B",TRUE,1552,TRUE,0,0,0,1,13,"0001",108,"ms","05"
"1726",1415027128932,"old",TRUE,"B",TRUE,1476,TRUE,0,0,0,0,14,"0000",108,"ms","05"
"1727",1415027131163,"old",FALSE,"A",NA,1637,FALSE,1,0,0,0,15,"1000",108,"ms","05"
"1728",1415027133560,"old",TRUE,"B",FALSE,2312,TRUE,0,1,1,1,16,"0111",108,"ms","05"
"1729",1415027028099,"old",TRUE,"A",TRUE,4900,TRUE,1,0,1,0,1,"1010",109,"ms","05"
"1730",1415027033765,"old",FALSE,"B",NA,4652,FALSE,0,1,0,0,2,"0100",109,"ms","05"
"1731",1415027039173,"old",TRUE,"B",TRUE,2944,TRUE,0,0,0,1,3,"0001",109,"ms","05"
"1732",1415027042879,"old",TRUE,"A",TRUE,1689,TRUE,1,1,1,0,4,"1110",109,"ms","05"
"1733",1415027045326,"old",FALSE,"B",NA,3659,FALSE,0,0,1,1,5,"0011",109,"ms","05"
"1734",1415027049744,"old",TRUE,"A",TRUE,1838,TRUE,1,1,0,1,6,"1101",109,"ms","05"
"1735",1415027052337,"old",TRUE,"B",TRUE,1729,TRUE,1,1,0,0,7,"1100",109,"ms","05"
"1736",1415027054823,"old",TRUE,"A",TRUE,1791,TRUE,1,0,1,1,8,"1011",109,"ms","05"
"1737",1415027057387,"new",TRUE,"B",NA,4896,FALSE,0,0,1,0,9,"0010",109,"ms","05"
"1738",1415027063047,"new",TRUE,"A",NA,4019,FALSE,1,0,0,1,10,"1001",109,"ms","05"
"1739",1415027067816,"new",TRUE,"B",NA,4482,FALSE,1,0,0,0,11,"1000",109,"ms","05"
"1740",1415027073050,"old",TRUE,"B",TRUE,2189,TRUE,0,0,0,0,12,"0000",109,"ms","05"
"1741",1415027076005,"old",FALSE,"B",NA,4193,FALSE,0,1,0,1,13,"0101",109,"ms","05"
"1742",1415027080960,"old",TRUE,"A",FALSE,2736,TRUE,0,1,1,0,14,"0110",109,"ms","05"
"1743",1415027084460,"new",TRUE,"B",NA,2572,FALSE,1,1,1,1,15,"1111",109,"ms","05"
"1744",1415027087804,"old",TRUE,"A",TRUE,2179,TRUE,0,1,1,1,16,"0111",109,"ms","05"
"1745",1415027121625,"old",TRUE,"B",TRUE,10975,TRUE,0,0,0,1,1,"0001",110,"ms","05"
"1746",1415027133356,"new",FALSE,"B",FALSE,11227,TRUE,1,1,0,1,2,"1101",110,"ms","05"
"1747",1415027145344,"old",TRUE,"A",TRUE,2791,TRUE,1,0,1,1,3,"1011",110,"ms","05"
"1748",1415027148896,"old",FALSE,"B",NA,4839,FALSE,0,1,0,0,4,"0100",110,"ms","05"
"1749",1415027154486,"old",FALSE,"B",NA,6544,FALSE,1,1,1,1,5,"1111",110,"ms","05"
"1750",1415027161790,"old",TRUE,"B",TRUE,6552,TRUE,0,0,0,0,6,"0000",110,"ms","05"
"1751",1415027169102,"old",TRUE,"A",TRUE,2584,TRUE,1,1,1,0,7,"1110",110,"ms","05"
"1752",1415027172451,"old",TRUE,"B",TRUE,2451,TRUE,0,1,1,0,8,"0110",110,"ms","05"
"1753",1415027175665,"new",TRUE,"B",NA,12732,FALSE,1,0,0,1,9,"1001",110,"ms","05"
"1754",1415027189154,"old",TRUE,"A",TRUE,6403,TRUE,0,1,1,1,10,"0111",110,"ms","05"
"1755",1415027196317,"old",TRUE,"B",TRUE,11136,TRUE,1,1,0,0,11,"1100",110,"ms","05"
"1756",1415027208220,"old",FALSE,"A",NA,5873,FALSE,0,0,1,1,12,"0011",110,"ms","05"
"1757",1415027214850,"old",TRUE,"A",TRUE,2627,TRUE,1,0,1,0,13,"1010",110,"ms","05"
"1758",1415027218256,"old",FALSE,"B",NA,2004,FALSE,0,0,1,0,14,"0010",110,"ms","05"
"1759",1415027221027,"new",TRUE,"B",NA,6777,FALSE,0,1,0,1,15,"0101",110,"ms","05"
"1760",1415027228566,"new",TRUE,"B",NA,4806,FALSE,1,0,0,0,16,"1000",110,"ms","05"
"1761",1415027214344,"old",FALSE,"B",NA,3262,FALSE,1,0,0,0,1,"1000",111,"ms","05"
"1762",1415027218356,"old",FALSE,"A",NA,2672,FALSE,1,1,1,1,2,"1111",111,"ms","05"
"1763",1415027221778,"old",TRUE,"A",TRUE,2260,TRUE,1,0,1,1,3,"1011",111,"ms","05"
"1764",1415027224788,"new",TRUE,"B",NA,4588,FALSE,0,1,0,1,4,"0101",111,"ms","05"
"1765",1415027230127,"old",FALSE,"A",NA,1875,FALSE,0,0,1,1,5,"0011",111,"ms","05"
"1766",1415027232753,"old",TRUE,"A",TRUE,2103,TRUE,1,1,0,1,6,"1101",111,"ms","05"
"1767",1415027235607,"old",TRUE,"A",TRUE,2319,TRUE,1,0,1,0,7,"1010",111,"ms","05"
"1768",1415027238677,"new",FALSE,"A",TRUE,3282,TRUE,0,1,1,1,8,"0111",111,"ms","05"
"1769",1415027242709,"old",TRUE,"B",TRUE,2010,TRUE,1,1,0,0,9,"1100",111,"ms","05"
"1770",1415027245470,"old",TRUE,"B",TRUE,1529,TRUE,0,0,0,0,10,"0000",111,"ms","05"
"1771",1415027247749,"old",FALSE,"B",NA,2554,FALSE,0,1,0,0,11,"0100",111,"ms","05"
"1772",1415027251054,"old",FALSE,"B",NA,1727,FALSE,1,0,0,1,12,"1001",111,"ms","05"
"1773",1415027253531,"old",TRUE,"A",FALSE,2198,TRUE,0,1,1,0,13,"0110",111,"ms","05"
"1774",1415027256480,"old",FALSE,"A",NA,2217,FALSE,0,0,1,0,14,"0010",111,"ms","05"
"1775",1415027259448,"old",TRUE,"A",TRUE,1577,TRUE,1,1,1,0,15,"1110",111,"ms","05"
"1776",1415027261776,"old",TRUE,"B",TRUE,2912,TRUE,0,0,0,1,16,"0001",111,"ms","05"
"1777",1415027224256,"old",FALSE,"A",NA,4821,FALSE,0,1,0,1,1,"0101",112,"ms","05"
"1778",1415027229831,"old",TRUE,"A",TRUE,2306,TRUE,1,1,0,1,2,"1101",112,"ms","05"
"1779",1415027232891,"old",TRUE,"A",TRUE,2120,TRUE,1,1,1,0,3,"1110",112,"ms","05"
"1780",1415027235764,"old",TRUE,"B",TRUE,1618,TRUE,0,0,0,1,4,"0001",112,"ms","05"
"1781",1415027238134,"old",TRUE,"A",FALSE,2380,TRUE,0,0,0,0,5,"0000",112,"ms","05"
"1782",1415027241267,"old",TRUE,"B",TRUE,6168,TRUE,1,1,0,0,6,"1100",112,"ms","05"
"1783",1415027248187,"old",FALSE,"A",NA,2223,FALSE,0,0,1,0,7,"0010",112,"ms","05"
"1784",1415027251162,"old",TRUE,"A",TRUE,1998,TRUE,1,0,1,1,8,"1011",112,"ms","05"
"1785",1415027253913,"old",FALSE,"B",NA,2197,FALSE,1,0,0,0,9,"1000",112,"ms","05"
"1786",1415027256863,"old",FALSE,"A",NA,2098,FALSE,1,1,1,1,10,"1111",112,"ms","05"
"1787",1415027259714,"new",TRUE,"B",NA,5354,FALSE,1,0,0,1,11,"1001",112,"ms","05"
"1788",1415027265821,"old",FALSE,"A",NA,2270,FALSE,0,1,0,0,12,"0100",112,"ms","05"
"1789",1415027268844,"new",TRUE,"B",NA,7783,FALSE,0,0,1,1,13,"0011",112,"ms","05"
"1790",1415027277380,"old",TRUE,"A",TRUE,2183,TRUE,0,1,1,1,14,"0111",112,"ms","05"
"1791",1415027280315,"old",TRUE,"B",TRUE,5059,TRUE,0,1,1,0,15,"0110",112,"ms","05"
"1792",1415027286128,"old",TRUE,"A",TRUE,2565,TRUE,1,0,1,0,16,"1010",112,"ms","05"
"1793",1415027242994,"old",TRUE,"A",TRUE,4902,TRUE,1,0,1,0,1,"1010",113,"ms","05"
"1794",1415027248651,"old",FALSE,"B",NA,3996,FALSE,1,0,0,1,2,"1001",113,"ms","05"
"1795",1415027253398,"old",FALSE,"A",NA,3731,FALSE,1,1,1,1,3,"1111",113,"ms","05"
"1796",1415027257881,"old",TRUE,"B",TRUE,4473,TRUE,0,0,0,1,4,"0001",113,"ms","05"
"1797",1415027263106,"old",TRUE,"A",TRUE,2590,TRUE,1,1,1,0,5,"1110",113,"ms","05"
"1798",1415027266448,"old",FALSE,"B",NA,3056,FALSE,0,1,0,0,6,"0100",113,"ms","05"
"1799",1415027270258,"old",TRUE,"A",TRUE,3535,TRUE,1,0,1,1,7,"1011",113,"ms","05"
"1800",1415027274544,"old",TRUE,"B",TRUE,4221,TRUE,0,0,0,0,8,"0000",113,"ms","05"
"1801",1415027279517,"old",FALSE,"B",NA,3234,FALSE,0,1,0,1,9,"0101",113,"ms","05"
"1802",1415027283506,"old",FALSE,"B",NA,2799,FALSE,1,0,0,0,10,"1000",113,"ms","05"
"1803",1415027287057,"old",TRUE,"B",FALSE,3585,TRUE,1,1,0,1,11,"1101",113,"ms","05"
"1804",1415027291394,"old",TRUE,"A",FALSE,3192,TRUE,0,1,1,0,12,"0110",113,"ms","05"
"1805",1415027295338,"old",TRUE,"B",TRUE,3136,TRUE,1,1,0,0,13,"1100",113,"ms","05"
"1806",1415027299226,"old",FALSE,"B",NA,2447,FALSE,0,0,1,1,14,"0011",113,"ms","05"
"1807",1415027302426,"old",FALSE,"A",NA,2587,FALSE,0,0,1,0,15,"0010",113,"ms","05"
"1808",1415027305766,"old",TRUE,"A",TRUE,4760,TRUE,0,1,1,1,16,"0111",113,"ms","05"
"1809",1415027379298,"old",TRUE,"A",TRUE,3204,TRUE,1,1,0,1,1,"1101",114,"ms","05"
"1810",1415027383263,"old",TRUE,"A",TRUE,1993,TRUE,0,1,1,1,2,"0111",114,"ms","05"
"1811",1415027386009,"old",TRUE,"A",TRUE,1715,TRUE,1,0,1,0,3,"1010",114,"ms","05"
"1812",1415027388475,"old",FALSE,"B",NA,1941,FALSE,1,1,1,1,4,"1111",114,"ms","05"
"1813",1415027391173,"old",TRUE,"A",FALSE,3029,TRUE,0,0,0,0,5,"0000",114,"ms","05"
"1814",1415027394963,"old",FALSE,"B",NA,1995,FALSE,0,1,0,1,6,"0101",114,"ms","05"
"1815",1415027397709,"old",FALSE,"A",NA,1693,FALSE,0,1,0,0,7,"0100",114,"ms","05"
"1816",1415027400158,"old",FALSE,"A",NA,1214,FALSE,1,0,0,1,8,"1001",114,"ms","05"
"1817",1415027402124,"old",TRUE,"B",TRUE,2384,TRUE,0,1,1,0,9,"0110",114,"ms","05"
"1818",1415027405259,"old",TRUE,"A",TRUE,1615,TRUE,1,0,1,1,10,"1011",114,"ms","05"
"1819",1415027407630,"old",TRUE,"B",TRUE,1485,TRUE,0,0,0,1,11,"0001",114,"ms","05"
"1820",1415027409877,"old",TRUE,"A",TRUE,1752,TRUE,1,1,1,0,12,"1110",114,"ms","05"
"1821",1415027412388,"old",TRUE,"B",TRUE,1849,TRUE,1,1,0,0,13,"1100",114,"ms","05"
"1822",1415027414993,"old",FALSE,"B",NA,3154,FALSE,0,0,1,1,14,"0011",114,"ms","05"
"1823",1415027418900,"old",FALSE,"A",NA,1311,FALSE,1,0,0,0,15,"1000",114,"ms","05"
"1824",1415027420968,"new",TRUE,"B",NA,3495,FALSE,0,0,1,0,16,"0010",114,"ms","05"
"1825",1415027352812,"old",TRUE,"A",TRUE,7651,TRUE,0,1,1,1,1,"0111",115,"ms","05"
"1826",1415027361237,"old",FALSE,"B",NA,9990,FALSE,1,0,0,0,2,"1000",115,"ms","05"
"1827",1415027371994,"old",TRUE,"A",TRUE,4001,TRUE,1,0,1,0,3,"1010",115,"ms","05"
"1828",1415027376768,"old",TRUE,"B",TRUE,2409,TRUE,0,0,0,0,4,"0000",115,"ms","05"
"1829",1415027379950,"old",TRUE,"A",TRUE,3444,TRUE,1,1,1,0,5,"1110",115,"ms","05"
"1830",1415027384157,"old",TRUE,"B",TRUE,2720,TRUE,0,0,0,1,6,"0001",115,"ms","05"
"1831",1415027387642,"old",TRUE,"B",TRUE,2718,TRUE,0,1,1,0,7,"0110",115,"ms","05"
"1832",1415027391120,"old",TRUE,"A",TRUE,3765,TRUE,1,1,0,1,8,"1101",115,"ms","05"
"1833",1415027395653,"old",FALSE,"A",NA,3125,FALSE,1,1,1,1,9,"1111",115,"ms","05"
"1834",1415027399540,"old",TRUE,"B",TRUE,2338,TRUE,1,1,0,0,10,"1100",115,"ms","05"
"1835",1415027402652,"old",TRUE,"A",TRUE,2292,TRUE,1,0,1,1,11,"1011",115,"ms","05"
"1836",1415027405702,"old",FALSE,"B",NA,2377,FALSE,0,0,1,0,12,"0010",115,"ms","05"
"1837",1415027408857,"old",FALSE,"B",NA,2320,FALSE,0,1,0,1,13,"0101",115,"ms","05"
"1838",1415027411951,"new",TRUE,"A",NA,6860,FALSE,1,0,0,1,14,"1001",115,"ms","05"
"1839",1415027419570,"old",FALSE,"B",NA,2108,FALSE,0,1,0,0,15,"0100",115,"ms","05"
"1840",1415027422435,"old",FALSE,"B",NA,2949,FALSE,0,0,1,1,16,"0011",115,"ms","05"
"1841",1415027454064,"old",TRUE,"B",TRUE,5049,TRUE,0,0,0,1,1,"0001",116,"ms","05"
"1842",1415027459865,"old",FALSE,"B",NA,8322,FALSE,1,0,0,1,2,"1001",116,"ms","05"
"1843",1415027468940,"old",TRUE,"A",TRUE,4635,TRUE,1,1,0,1,3,"1101",116,"ms","05"
"1844",1415027474328,"old",TRUE,"B",FALSE,2515,TRUE,1,0,1,0,4,"1010",116,"ms","05"
"1845",1415027477595,"old",TRUE,"A",FALSE,5542,TRUE,0,0,0,0,5,"0000",116,"ms","05"
"1846",1415027483889,"old",FALSE,"A",NA,4068,FALSE,1,0,0,0,6,"1000",116,"ms","05"
"1847",1415027488779,"old",FALSE,"B",NA,5502,FALSE,0,1,0,1,7,"0101",116,"ms","05"
"1848",1415027495058,"old",TRUE,"A",TRUE,2461,TRUE,1,0,1,1,8,"1011",116,"ms","05"
"1849",1415027498271,"old",FALSE,"A",NA,3170,FALSE,0,0,1,0,9,"0010",116,"ms","05"
"1850",1415027502193,"old",FALSE,"B",NA,5100,FALSE,0,1,0,0,10,"0100",116,"ms","05"
"1851",1415027508081,"old",TRUE,"B",TRUE,6986,TRUE,1,1,0,0,11,"1100",116,"ms","05"
"1852",1415027515819,"old",TRUE,"A",TRUE,3486,TRUE,1,1,1,0,12,"1110",116,"ms","05"
"1853",1415027520057,"new",TRUE,"A",NA,4856,FALSE,1,1,1,1,13,"1111",116,"ms","05"
"1854",1415027525665,"old",TRUE,"A",TRUE,9480,TRUE,0,1,1,1,14,"0111",116,"ms","05"
"1855",1415027535897,"old",TRUE,"B",TRUE,2792,TRUE,0,1,1,0,15,"0110",116,"ms","05"
"1856",1415027539441,"old",FALSE,"A",NA,4344,FALSE,0,0,1,1,16,"0011",116,"ms","05"
"1857",1415027688950,"old",TRUE,"A",TRUE,4003,TRUE,1,0,1,1,1,"1011",117,"ms","05"
"1858",1415027693733,"old",FALSE,"A",NA,4571,FALSE,1,1,1,1,2,"1111",117,"ms","05"
"1859",1415027699056,"old",TRUE,"B",TRUE,2321,TRUE,0,0,0,1,3,"0001",117,"ms","05"
"1860",1415027702128,"old",TRUE,"A",TRUE,4079,TRUE,0,1,1,1,4,"0111",117,"ms","05"
"1861",1415027706958,"old",FALSE,"B",NA,2779,FALSE,1,0,0,1,5,"1001",117,"ms","05"
"1862",1415027710489,"old",FALSE,"B",NA,4306,FALSE,0,1,0,1,6,"0101",117,"ms","05"
"1863",1415027715546,"old",TRUE,"A",FALSE,2517,TRUE,1,1,0,0,7,"1100",117,"ms","05"
"1864",1415027718815,"old",FALSE,"A",NA,4036,FALSE,0,0,1,0,8,"0010",117,"ms","05"
"1865",1415027723602,"old",TRUE,"B",TRUE,1863,TRUE,0,0,0,0,9,"0000",117,"ms","05"
"1866",1415027726216,"old",TRUE,"A",TRUE,2203,TRUE,1,1,1,0,10,"1110",117,"ms","05"
"1867",1415027729171,"old",FALSE,"A",NA,3943,FALSE,0,1,0,0,11,"0100",117,"ms","05"
"1868",1415027733866,"old",TRUE,"A",TRUE,2909,TRUE,1,1,0,1,12,"1101",117,"ms","05"
"1869",1415027737527,"old",TRUE,"A",TRUE,2924,TRUE,1,0,1,0,13,"1010",117,"ms","05"
"1870",1415027741203,"old",FALSE,"B",NA,4429,FALSE,1,0,0,0,14,"1000",117,"ms","05"
"1871",1415027746384,"old",TRUE,"B",TRUE,2465,TRUE,0,1,1,0,15,"0110",117,"ms","05"
"1872",1415027749600,"old",FALSE,"A",NA,2237,FALSE,0,0,1,1,16,"0011",117,"ms","05"
"1873",1415027786624,"old",TRUE,"B",TRUE,4123,TRUE,0,1,1,0,1,"0110",118,"ms","05"
"1874",1415027791498,"old",FALSE,"B",NA,2497,FALSE,0,1,0,1,2,"0101",118,"ms","05"
"1875",1415027794746,"old",TRUE,"A",TRUE,2957,TRUE,1,0,1,1,3,"1011",118,"ms","05"
"1876",1415027798454,"old",TRUE,"B",TRUE,3625,TRUE,0,0,0,1,4,"0001",118,"ms","05"
"1877",1415027802833,"old",FALSE,"A",NA,1630,FALSE,1,0,0,1,5,"1001",118,"ms","05"
"1878",1415027805214,"old",FALSE,"B",NA,2953,FALSE,1,1,1,1,6,"1111",118,"ms","05"
"1879",1415027808920,"old",FALSE,"A",NA,1980,FALSE,0,1,0,0,7,"0100",118,"ms","05"
"1880",1415027811651,"old",FALSE,"B",NA,1844,FALSE,0,0,1,0,8,"0010",118,"ms","05"
"1881",1415027814246,"old",FALSE,"B",NA,2509,FALSE,1,0,0,0,9,"1000",118,"ms","05"
"1882",1415027817506,"old",TRUE,"B",FALSE,2797,TRUE,1,1,1,0,10,"1110",118,"ms","05"
"1883",1415027821055,"old",TRUE,"A",TRUE,1772,TRUE,1,0,1,0,11,"1010",118,"ms","05"
"1884",1415027823578,"old",TRUE,"B",FALSE,1781,TRUE,1,1,0,1,12,"1101",118,"ms","05"
"1885",1415027826110,"old",FALSE,"B",NA,1701,FALSE,0,0,1,1,13,"0011",118,"ms","05"
"1886",1415027828562,"old",TRUE,"B",TRUE,2029,TRUE,0,0,0,0,14,"0000",118,"ms","05"
"1887",1415027831342,"old",TRUE,"B",TRUE,16529,TRUE,1,1,0,0,15,"1100",118,"ms","05"
"1888",1415027848622,"old",TRUE,"A",TRUE,1509,TRUE,0,1,1,1,16,"0111",118,"ms","05"
"1889",1415028438486,"old",TRUE,"B",TRUE,15170,TRUE,0,0,0,0,1,"0000",119,"ms","05"
"1890",1415028454409,"old",FALSE,"B",NA,4433,FALSE,0,1,0,0,2,"0100",119,"ms","05"
"1891",1415028459594,"old",TRUE,"A",TRUE,4292,TRUE,1,1,0,1,3,"1101",119,"ms","05"
"1892",1415028464638,"old",TRUE,"B",TRUE,2369,TRUE,0,0,0,1,4,"0001",119,"ms","05"
"1893",1415028467759,"old",TRUE,"A",TRUE,2139,TRUE,1,0,1,1,5,"1011",119,"ms","05"
"1894",1415028470649,"old",TRUE,"A",TRUE,2047,TRUE,1,0,1,0,6,"1010",119,"ms","05"
"1895",1415028473448,"old",FALSE,"B",NA,3059,FALSE,0,0,1,1,7,"0011",119,"ms","05"
"1896",1415028477258,"old",FALSE,"A",NA,1760,FALSE,1,0,0,1,8,"1001",119,"ms","05"
"1897",1415028479770,"old",TRUE,"B",TRUE,2511,TRUE,0,1,1,0,9,"0110",119,"ms","05"
"1898",1415028483032,"old",TRUE,"A",TRUE,4964,TRUE,0,1,1,1,10,"0111",119,"ms","05"
"1899",1415028488748,"old",FALSE,"B",NA,2101,FALSE,0,0,1,0,11,"0010",119,"ms","05"
"1900",1415028491600,"old",FALSE,"A",NA,1725,FALSE,1,1,1,1,12,"1111",119,"ms","05"
"1901",1415028494077,"old",TRUE,"B",TRUE,1550,TRUE,1,1,0,0,13,"1100",119,"ms","05"
"1902",1415028496380,"old",FALSE,"B",NA,2103,FALSE,0,1,0,1,14,"0101",119,"ms","05"
"1903",1415028499235,"old",FALSE,"A",NA,2451,FALSE,1,0,0,0,15,"1000",119,"ms","05"
"1904",1415028502438,"old",TRUE,"A",TRUE,2022,TRUE,1,1,1,0,16,"1110",119,"ms","05"
"1905",1415028835541,"old",TRUE,"A",TRUE,3226,TRUE,1,0,1,1,1,"1011",120,"ms","05"
"1906",1415028839534,"old",FALSE,"B",NA,2632,FALSE,0,1,0,1,2,"0101",120,"ms","05"
"1907",1415028842919,"old",FALSE,"B",NA,3062,FALSE,0,0,1,0,3,"0010",120,"ms","05"
"1908",1415028846741,"old",TRUE,"B",TRUE,2072,TRUE,0,0,0,1,4,"0001",120,"ms","05"
"1909",1415028849564,"new",TRUE,"A",NA,3434,FALSE,1,1,1,1,5,"1111",120,"ms","05"
"1910",1415028853761,"old",TRUE,"B",TRUE,2172,TRUE,0,1,1,0,6,"0110",120,"ms","05"
"1911",1415028856694,"old",TRUE,"A",TRUE,1888,TRUE,1,0,1,0,7,"1010",120,"ms","05"
"1912",1415028859346,"old",TRUE,"B",FALSE,1971,TRUE,0,1,1,1,8,"0111",120,"ms","05"
"1913",1415028862075,"new",TRUE,"B",NA,2650,FALSE,0,0,1,1,9,"0011",120,"ms","05"
"1914",1415028865477,"old",FALSE,"A",NA,1448,FALSE,1,0,0,1,10,"1001",120,"ms","05"
"1915",1415028867692,"old",FALSE,"B",NA,1634,FALSE,0,1,0,0,11,"0100",120,"ms","05"
"1916",1415028870078,"old",TRUE,"B",TRUE,2647,TRUE,1,1,0,0,12,"1100",120,"ms","05"
"1917",1415028873479,"old",TRUE,"A",TRUE,1767,TRUE,1,1,0,1,13,"1101",120,"ms","05"
"1918",1415028876006,"old",TRUE,"A",TRUE,1975,TRUE,1,1,1,0,14,"1110",120,"ms","05"
"1919",1415028878736,"old",TRUE,"B",TRUE,1613,TRUE,0,0,0,0,15,"0000",120,"ms","05"
"1920",1415028881107,"old",FALSE,"B",NA,2602,FALSE,1,0,0,0,16,"1000",120,"ms","05"
